Country,Year,Population Category,PM25 concentration (µg/m³),PM25 lower bound,PM25 upper bound
Grenada,2019,Total,10.08,7.07,13.2
Trinidad and Tobago,2019,Total,10.26,7.93,12.59
Lithuania,2019,Total,10.37,9.29,11.22
France,2019,Total,10.46,10.27,10.65
Mauritius,2019,Total,10.48,8.25,12.84
Belize,2019,Total,10.51,4.33,20.5
Germany,2019,Total,10.73,10.56,10.93
Netherlands (Kingdom of the),2019,Total,10.74,10.39,11.13
Japan,2019,Total,10.84,10.02,11.55
Brazil,2019,Total,10.94,9.37,13.01
Guyana,2019,Total,11.11,5.71,18.35
Belgium,2019,Total,11.26,10.87,11.62
Austria,2019,Total,11.51,11.2,11.88
Panama,2019,Total,11.78,8.46,15.13
Namibia,2019,Total,11.81,6.32,18.88
Latvia,2019,Total,12.02,10.69,13.42
Argentina,2019,Total,12.04,8.92,15.57
Suriname,2019,Total,12.17,6.81,18.69
Paraguay,2019,Total,12.31,9.32,17.95
Republic of Moldova,2019,Total,12.37,9.11,15.99
Kenya,2019,Total,12.52,7.8,17.78
Botswana,2019,Total,12.82,9.27,18.78
Malta,2019,Total,12.93,11.84,14.32
Maldives,2019,Total,13.0,10.33,16.7
Zimbabwe,2019,Total,13.08,7.05,22.7
Romania,2019,Total,13.3,12.55,14.1
Cuba,2019,Total,13.32,9.73,19.28
Singapore,2019,Total,13.33,10.54,17.56
Morocco,2019,Total,13.44,11.03,16.52
Ukraine,2019,Total,13.51,10.05,18.45
Colombia,2019,Total,14.04,11.7,16.76
Slovenia,2019,Total,14.08,13.36,14.9
Italy,2019,Total,14.22,13.99,14.44
Hungary,2019,Total,14.24,13.4,15.11
Somalia,2019,Total,14.28,7.65,24.25
Czechia,2019,Total,14.34,13.96,14.79
Comoros,2019,Total,14.37,7.4,23.58
Cyprus,2019,Total,14.52,12.86,16.16
Greece,2019,Total,14.62,13.51,15.76
Costa Rica,2019,Total,14.7,12.73,17.14
Jamaica,2019,Total,14.83,12.5,17.46
Eswatini,2019,Total,15.07,10.56,20.01
Croatia,2019,Total,15.29,14.16,16.51
United Republic of Tanzania,2019,Total,15.36,10.79,22.53
Belarus,2019,Total,15.48,13.25,17.71
Slovakia,2019,Total,15.89,15.15,16.69
Nicaragua,2019,Total,16.0,10.98,21.96
Madagascar,2019,Total,16.02,11.16,23.84
Venezuela (Bolivarian Republic of),2019,Total,16.21,11.55,21.76
Albania,2019,Total,16.28,14.73,18.21
Mozambique,2019,Total,16.45,8.55,26.26
Ecuador,2019,Total,16.55,13.18,20.05
Zambia,2019,Total,16.9,7.65,31.61
Seychelles,2019,Total,16.96,12.23,23.37
Bulgaria,2019,Total,17.29,16.54,18.21
Lesotho,2019,Total,17.6,12.13,26.64
Cambodia,2019,Total,17.8,16.09,19.5
Mexico,2019,Total,17.83,16.33,19.65
Malawi,2019,Total,18.57,6.2,37.49
Poland,2019,Total,18.83,18.4,19.2
Honduras,2019,Total,18.93,13.48,25.56
Georgia,2019,Total,19.06,14.48,23.86
Montenegro,2019,Total,19.3,17.34,22.2
Indonesia,2019,Total,19.34,16.76,23.72
Israel,2019,Total,19.47,18.17,20.74
South Africa,2019,Total,19.75,18.26,21.8
Djibouti,2019,Total,19.98,7.7,41.73
South Sudan,2019,Total,20.18,10.45,34.95
Timor-Leste,2019,Total,20.47,9.02,42.19
Chile,2019,Total,20.49,19.31,21.89
Guatemala,2019,Total,20.75,16.18,26.65
Viet Nam,2019,Total,20.89,16.58,24.31
Lao People's Democratic Republic,2019,Total,21.15,16.86,25.13
Sudan,2019,Total,21.43,11.01,38.91
Malaysia,2019,Total,21.52,20.55,22.8
Serbia,2019,Total,21.74,20.2,23.14
Ethiopia,2019,Total,21.8,13.02,32.47
El Salvador,2019,Total,22.15,14.49,31.82
Philippines,2019,Total,22.45,19.16,25.91
Algeria,2019,Total,22.68,14.54,35.29
Eritrea,2019,Total,22.74,9.19,50.66
Türkiye,2019,Total,23.25,21.83,24.55
Sri Lanka,2019,Total,23.88,17.38,31.79
Republic of Korea,2019,Total,24.04,23.39,24.75
Lebanon,2019,Total,24.23,18.05,32.45
Azerbaijan,2019,Total,24.64,13.74,37.54
Thailand,2019,Total,24.64,22.75,26.42
Syrian Arab Republic,2019,Total,25.14,20.69,30.41
North Macedonia,2019,Total,25.17,23.56,27.13
Bolivia (Plurinational State of),2019,Total,25.23,16.41,36.37
Equatorial Guinea,2019,Total,25.67,6.05,70.96
Jordan,2019,Total,25.87,22.58,29.14
Bhutan,2019,Total,26.1,23.46,28.81
Bosnia and Herzegovina,2019,Total,26.19,24.23,28.67
Gabon,2019,Total,26.29,6.59,82.24
Turkmenistan,2019,Total,26.41,17.35,38.93
Kazakhstan,2019,Total,26.5,19.01,34.73
Tunisia,2019,Total,26.52,17.92,37.37
Myanmar,2019,Total,27.16,23.48,30.97
Angola,2019,Total,27.16,5.85,89.91
Central African Republic,2019,Total,27.2,6.12,74.79
Burundi,2019,Total,28.0,11.05,60.89
Peru,2019,Total,29.07,22.2,38.42
Congo,2019,Total,29.48,6.42,102.4
Libya,2019,Total,29.84,14.82,51.18
"occupied Palestinian territory, including east Jerusalem",2019,Total,30.82,21.73,41.92
Cabo Verde,2019,Total,31.08,16.56,56.39
Uganda,2019,Total,31.31,19.79,46.69
Benin,2019,Total,31.51,20.62,47.27
Democratic Republic of the Congo,2019,Total,31.58,7.13,99.19
Iran (Islamic Republic of),2019,Total,31.62,27.47,35.52
Sao Tome and Principe,2019,Total,33.75,17.16,58.34
Armenia,2019,Total,34.13,24.44,47.1
Guinea-Bissau,2019,Total,34.85,18.06,63.14
Oman,2019,Total,34.88,22.13,56.89
Rwanda,2019,Total,35.66,12.05,72.86
Togo,2019,Total,35.66,21.71,56.78
Liberia,2019,Total,35.8,18.19,64.65
Nepal,2019,Total,36.43,31.71,42.97
Guinea,2019,Total,37.57,21.99,72.05
Kyrgyzstan,2019,Total,37.58,26.16,52.31
China,2019,Total,38.15,36.69,39.42
Senegal,2019,Total,38.21,22.11,57.29
Mali,2019,Total,38.55,14.8,83.34
Gambia,2019,Total,39.1,21.1,64.94
Iraq,2019,Total,39.29,31.91,49.48
Sierra Leone,2019,Total,39.42,17.82,74.99
Cote d'Ivoire,2019,Total,40.41,22.75,68.96
Burkina Faso,2019,Total,40.74,16.57,91.48
Uzbekistan,2019,Total,40.98,29.83,57.12
Chad,2019,Total,41.15,22.52,69.38
Mongolia,2019,Total,41.3,30.68,53.5
Democratic People's Republic of Korea,2019,Total,41.46,31.42,53.61
Yemen,2019,Total,41.61,14.4,85.18
United Arab Emirates,2019,Total,41.75,35.66,50.29
Mauritania,2019,Total,41.98,17.86,90.84
Bangladesh,2019,Total,45.99,41.65,51.0
Ghana,2019,Total,46.04,31.19,69.74
Bahamas,2019,Total,5.2,3.77,7.05
Finland,2019,Total,5.47,5.16,5.76
Iceland,2019,Total,5.79,5.11,6.46
Sweden,2019,Total,5.96,5.7,6.22
Pakistan,2019,Total,50.13,41.1,59.96
Niger,2019,Total,50.15,21.92,99.9
India,2019,Total,50.17,47.87,52.43
Bahrain,2019,Total,51.82,45.88,57.66
Tajikistan,2019,Total,53.65,38.18,76.75
Nigeria,2019,Total,55.64,37.64,76.88
Cameroon,2019,Total,56.37,39.06,79.81
Saudi Arabia,2019,Total,57.16,40.09,76.04
Qatar,2019,Total,59.04,45.74,70.2
Norway,2019,Total,6.3,5.95,6.63
Estonia,2019,Total,6.35,5.83,6.94
Canada,2019,Total,6.39,6.21,6.59
Niue,2019,Total,6.74,3.15,13.16
Tuvalu,2019,Total,6.81,2.59,13.49
Brunei Darussalam,2019,Total,6.86,5.76,8.32
Afghanistan,2019,Total,62.49,45.04,86.46
Egypt,2019,Total,63.16,40.38,92.33
Kuwait,2019,Total,64.08,55.65,72.49
United States of America,2019,Total,7.18,7.07,7.28
Marshall Islands,2019,Total,7.21,2.62,15.2
Portugal,2019,Total,7.34,7.1,7.57
Fiji,2019,Total,7.36,3.69,11.78
Nauru,2019,Total,7.4,2.89,14.43
Tonga,2019,Total,7.52,4.22,12.61
Dominican Republic,2019,Total,7.59,4.67,11.52
Kiribati,2019,Total,7.62,3.14,16.26
Samoa,2019,Total,7.78,2.67,17.69
Micronesia (Federated States of),2019,Total,7.79,3.27,15.61
Cook Islands,2019,Total,7.8,3.25,16.85
Palau,2019,Total,7.82,2.93,17.42
Solomon Islands,2019,Total,7.83,2.86,15.0
Saint Kitts and Nevis,2019,Total,8.05,6.19,10.41
Ireland,2019,Total,8.2,7.66,8.65
Dominica,2019,Total,8.22,5.78,12.05
Antigua and Barbuda,2019,Total,8.3,5.72,11.54
Vanuatu,2019,Total,8.42,3.25,18.69
Uruguay,2019,Total,8.48,6.67,10.7
Andorra,2019,Total,8.52,7.49,10.05
New Zealand,2019,Total,8.61,8.11,9.11
Russian Federation,2019,Total,8.88,7.31,10.85
Papua New Guinea,2019,Total,8.89,3.18,19.45
Luxembourg,2019,Total,8.89,8.4,9.4
Australia,2019,Total,8.93,8.61,9.27
Switzerland,2019,Total,8.97,8.73,9.23
Saint Lucia,2019,Total,8.98,6.51,11.84
Monaco,2019,Total,9.21,8.24,10.27
Spain,2019,Total,9.34,9.14,9.56
Saint Vincent and the Grenadines,2019,Total,9.41,6.18,13.21
United Kingdom of Great Britain and Northern Ireland,2019,Total,9.52,9.17,9.82
Denmark,2019,Total,9.66,8.77,10.69
Haiti,2019,Total,9.69,5.41,16.64
Barbados,2019,Total,9.79,6.9,13.99
San Marino,2019,Total,9.85,8.21,11.53
Switzerland,2018,Total,10.01,9.77,10.29
Denmark,2018,Total,10.02,9.11,11.06
United Kingdom of Great Britain and Northern Ireland,2018,Total,10.07,9.71,10.4
Spain,2018,Total,10.08,9.88,10.3
Haiti,2018,Total,10.23,5.76,17.36
Barbados,2018,Total,10.36,7.14,14.83
Mauritius,2018,Total,10.45,8.22,12.82
Grenada,2018,Total,10.57,8.05,14.41
Trinidad and Tobago,2018,Total,10.72,8.21,13.07
San Marino,2018,Total,10.81,8.98,12.69
Japan,2018,Total,10.87,10.13,11.65
Belize,2018,Total,10.9,4.6,20.92
Lithuania,2018,Total,11.12,10.11,12.38
Brazil,2018,Total,11.15,9.64,13.06
France,2018,Total,11.23,11.05,11.43
Netherlands (Kingdom of the),2018,Total,11.49,11.14,11.97
Guyana,2018,Total,11.52,5.9,18.12
Germany,2018,Total,11.7,11.51,11.9
Namibia,2018,Total,11.88,6.32,18.93
Paraguay,2018,Total,12.11,9.07,17.64
Belgium,2018,Total,12.16,11.75,12.58
Panama,2018,Total,12.37,8.99,15.86
Maldives,2018,Total,12.47,10.25,15.7
Kenya,2018,Total,12.58,7.84,17.89
Argentina,2018,Total,12.6,9.1,16.68
Austria,2018,Total,12.68,12.37,13.09
Suriname,2018,Total,12.75,6.82,21.26
Latvia,2018,Total,12.84,11.26,14.3
Botswana,2018,Total,12.95,9.31,19.07
Singapore,2018,Total,13.12,10.34,17.26
Zimbabwe,2018,Total,13.12,7.07,22.79
Republic of Moldova,2018,Total,13.3,9.85,17.24
Morocco,2018,Total,13.58,11.08,16.74
Malta,2018,Total,13.79,12.66,15.27
Ukraine,2018,Total,14.24,10.76,19.97
Cuba,2018,Total,14.28,10.1,20.15
Comoros,2018,Total,14.42,7.41,23.81
Somalia,2018,Total,14.45,7.64,24.56
Colombia,2018,Total,14.72,12.14,16.82
Eswatini,2018,Total,14.95,10.46,19.78
Cyprus,2018,Total,15.38,13.7,17.17
United Republic of Tanzania,2018,Total,15.41,10.89,22.66
Costa Rica,2018,Total,15.59,13.77,18.25
Romania,2018,Total,15.6,14.8,16.43
Greece,2018,Total,15.69,14.48,16.96
Jamaica,2018,Total,15.73,13.48,18.82
Italy,2018,Total,15.97,15.75,16.19
Belarus,2018,Total,16.09,13.87,18.4
Madagascar,2018,Total,16.14,11.11,24.08
Ecuador,2018,Total,16.38,14.2,19.34
Seychelles,2018,Total,16.48,11.8,23.59
Mozambique,2018,Total,16.68,8.57,26.76
Zambia,2018,Total,16.99,7.65,31.83
Venezuela (Bolivarian Republic of),2018,Total,17.06,12.5,22.84
Cambodia,2018,Total,17.16,15.02,19.63
Nicaragua,2018,Total,17.24,12.38,24.82
Hungary,2018,Total,17.25,16.36,18.16
Czechia,2018,Total,17.5,17.11,18.04
Slovenia,2018,Total,17.77,16.81,18.74
Lesotho,2018,Total,17.8,12.19,26.95
Indonesia,2018,Total,18.47,15.58,22.9
Malawi,2018,Total,18.61,6.21,37.58
Mexico,2018,Total,18.75,17.55,19.92
Croatia,2018,Total,18.98,17.51,20.44
Slovakia,2018,Total,19.08,18.2,20.09
South Africa,2018,Total,19.52,18.15,21.49
Timor-Leste,2018,Total,19.66,8.94,39.43
Lao People's Democratic Republic,2018,Total,19.68,15.66,24.59
Albania,2018,Total,19.76,17.97,21.9
Honduras,2018,Total,20.03,14.3,26.62
Viet Nam,2018,Total,20.09,16.58,23.39
Israel,2018,Total,20.22,18.84,21.43
Djibouti,2018,Total,20.39,7.67,43.03
Bulgaria,2018,Total,20.4,19.37,21.42
Malaysia,2018,Total,20.5,18.51,22.76
Georgia,2018,Total,20.66,16.28,26.59
Chile,2018,Total,21.47,18.77,24.24
Philippines,2018,Total,21.52,17.94,24.83
Guatemala,2018,Total,21.71,17.25,28.01
Sudan,2018,Total,21.89,11.08,39.88
South Sudan,2018,Total,21.94,10.95,40.48
Ethiopia,2018,Total,22.23,13.13,33.36
Poland,2018,Total,22.51,21.99,23.05
Algeria,2018,Total,22.73,14.57,35.3
Eritrea,2018,Total,22.98,9.14,50.71
Sri Lanka,2018,Total,23.12,16.81,30.75
Türkiye,2018,Total,23.29,21.86,24.6
Montenegro,2018,Total,23.35,20.79,26.94
El Salvador,2018,Total,23.36,15.28,32.98
Thailand,2018,Total,23.68,21.55,26.72
Republic of Korea,2018,Total,23.7,22.95,24.46
Lebanon,2018,Total,24.08,17.97,32.13
Bolivia (Plurinational State of),2018,Total,24.63,17.37,34.31
Syrian Arab Republic,2018,Total,25.13,20.68,30.41
Jordan,2018,Total,25.85,22.57,29.12
Angola,2018,Total,25.85,5.84,82.46
Serbia,2018,Total,25.86,23.85,27.56
Myanmar,2018,Total,26.04,22.4,30.52
Gabon,2018,Total,26.26,6.59,82.04
Equatorial Guinea,2018,Total,26.38,6.03,73.19
Azerbaijan,2018,Total,26.96,15.44,42.17
Tunisia,2018,Total,27.22,18.27,38.59
Burundi,2018,Total,27.98,11.01,60.9
Central African Republic,2018,Total,28.25,6.13,79.54
Kazakhstan,2018,Total,28.46,20.99,37.13
Bhutan,2018,Total,28.73,25.77,31.57
Peru,2018,Total,28.81,22.26,37.0
Turkmenistan,2018,Total,29.17,18.37,41.59
Congo,2018,Total,29.27,6.42,100.9
North Macedonia,2018,Total,30.06,28.14,32.72
Libya,2018,Total,30.41,14.96,52.23
"occupied Palestinian territory, including east Jerusalem",2018,Total,30.52,21.59,41.42
Cabo Verde,2018,Total,31.2,16.61,56.67
Democratic Republic of the Congo,2018,Total,31.46,7.12,99.12
Uganda,2018,Total,31.73,20.01,47.69
Bosnia and Herzegovina,2018,Total,32.02,29.54,35.04
Iran (Islamic Republic of),2018,Total,32.18,27.93,36.3
Benin,2018,Total,32.34,20.69,48.68
Sao Tome and Principe,2018,Total,33.84,17.21,58.52
Rwanda,2018,Total,34.92,12.01,70.42
Liberia,2018,Total,35.68,18.09,64.18
Guinea-Bissau,2018,Total,35.9,18.04,66.58
Oman,2018,Total,36.68,22.91,60.78
Togo,2018,Total,36.83,21.65,59.12
Armenia,2018,Total,37.09,28.54,51.35
Guinea,2018,Total,37.96,22.17,73.22
Senegal,2018,Total,39.08,22.32,58.44
Sierra Leone,2018,Total,39.46,17.82,75.49
Mali,2018,Total,39.82,15.05,88.75
Gambia,2018,Total,39.86,21.05,66.99
Iraq,2018,Total,39.98,32.45,50.45
Nepal,2018,Total,40.06,34.83,47.48
China,2018,Total,40.54,38.86,41.97
Kyrgyzstan,2018,Total,41.0,27.63,57.54
Yemen,2018,Total,41.62,14.37,85.36
Burkina Faso,2018,Total,41.77,16.6,94.19
Cote d'Ivoire,2018,Total,41.81,23.01,71.63
Mauritania,2018,Total,42.58,17.93,92.81
Chad,2018,Total,42.61,23.16,72.55
United Arab Emirates,2018,Total,43.1,36.92,52.28
Democratic People's Republic of Korea,2018,Total,43.53,33.04,56.34
Mongolia,2018,Total,44.04,33.32,58.19
Uzbekistan,2018,Total,44.62,32.57,63.5
Ghana,2018,Total,48.04,31.48,73.67
Finland,2018,Total,5.57,5.25,5.89
Bahamas,2018,Total,5.61,4.18,7.7
Iceland,2018,Total,5.89,5.2,6.56
Bangladesh,2018,Total,50.66,45.61,55.93
Niger,2018,Total,50.74,21.94,101.5
Bahrain,2018,Total,54.49,48.17,60.76
India,2018,Total,55.48,53.03,58.02
Pakistan,2018,Total,56.5,46.53,68.69
Nigeria,2018,Total,56.52,37.92,78.35
Cameroon,2018,Total,57.8,39.37,83.2
Saudi Arabia,2018,Total,58.3,41.15,77.33
Tajikistan,2018,Total,58.58,38.93,82.46
Sweden,2018,Total,6.09,5.82,6.37
Norway,2018,Total,6.33,5.98,6.66
Brunei Darussalam,2018,Total,6.7,5.56,8.13
Estonia,2018,Total,6.7,6.14,7.43
Niue,2018,Total,6.73,3.02,14.11
Tuvalu,2018,Total,6.94,2.52,13.68
Egypt,2018,Total,62.2,39.96,90.86
Qatar,2018,Total,62.66,48.36,75.02
Kuwait,2018,Total,66.05,57.26,75.1
Canada,2018,Total,7.09,6.9,7.29
Australia,2018,Total,7.11,6.71,7.53
Marshall Islands,2018,Total,7.14,2.7,15.36
New Zealand,2018,Total,7.45,7.01,7.98
Tonga,2018,Total,7.47,3.86,12.83
Fiji,2018,Total,7.52,3.99,12.48
Nauru,2018,Total,7.59,2.7,14.8
Micronesia (Federated States of),2018,Total,7.63,3.33,15.63
Kiribati,2018,Total,7.67,3.09,16.02
Cook Islands,2018,Total,7.76,2.78,17.37
Palau,2018,Total,7.77,2.7,16.59
Samoa,2018,Total,7.77,2.81,17.09
Portugal,2018,Total,7.9,7.61,8.15
Solomon Islands,2018,Total,7.95,2.56,14.47
Afghanistan,2018,Total,70.25,50.62,97.15
Dominican Republic,2018,Total,8.0,5.14,11.43
United States of America,2018,Total,8.13,8.0,8.25
Ireland,2018,Total,8.31,7.76,8.77
Saint Kitts and Nevis,2018,Total,8.59,6.54,11.36
Dominica,2018,Total,8.75,6.06,12.59
Vanuatu,2018,Total,8.81,3.16,18.93
Uruguay,2018,Total,8.82,6.56,11.43
Antigua and Barbuda,2018,Total,8.87,6.12,13.05
Papua New Guinea,2018,Total,8.93,3.15,19.98
Andorra,2018,Total,9.21,8.08,10.85
Russian Federation,2018,Total,9.22,7.62,11.25
Saint Lucia,2018,Total,9.51,6.81,12.88
Luxembourg,2018,Total,9.71,9.17,10.26
Monaco,2018,Total,9.88,8.82,10.96
Saint Vincent and the Grenadines,2018,Total,9.94,7.11,14.55
Saint Lucia,2017,Total,10.03,7.34,13.75
United Kingdom of Great Britain and Northern Ireland,2017,Total,10.09,9.7,10.45
Spain,2017,Total,10.21,9.99,10.44
Mauritius,2017,Total,10.35,8.1,12.72
Saint Vincent and the Grenadines,2017,Total,10.5,7.11,14.74
San Marino,2017,Total,10.55,8.78,12.33
Haiti,2017,Total,10.61,5.8,18.1
Barbados,2017,Total,10.91,7.72,15.83
Grenada,2017,Total,11.14,8.0,14.67
Trinidad and Tobago,2017,Total,11.27,8.66,13.49
France,2017,Total,11.29,11.08,11.54
Belize,2017,Total,11.36,4.8,22.57
Latvia,2017,Total,11.46,10.34,13.21
Netherlands (Kingdom of the),2017,Total,11.63,11.27,12.02
Germany,2017,Total,11.78,11.58,11.98
Japan,2017,Total,11.89,10.91,12.73
Namibia,2017,Total,11.98,6.31,19.04
Republic of Moldova,2017,Total,11.98,8.8,15.59
Guyana,2017,Total,12.03,6.65,19.4
Austria,2017,Total,12.32,12.0,12.68
Belgium,2017,Total,12.33,11.9,12.73
Kenya,2017,Total,12.51,7.8,17.72
Maldives,2017,Total,12.52,10.23,15.69
Malta,2017,Total,12.6,11.55,13.96
Ukraine,2017,Total,12.93,9.42,17.8
Botswana,2017,Total,13.11,9.34,19.3
Zimbabwe,2017,Total,13.15,7.08,22.9
Argentina,2017,Total,13.24,9.74,17.76
Suriname,2017,Total,13.3,7.73,21.34
Panama,2017,Total,13.38,9.68,17.05
Morocco,2017,Total,13.91,11.24,17.21
Singapore,2017,Total,14.23,11.18,18.67
Comoros,2017,Total,14.29,7.35,23.35
Belarus,2017,Total,14.37,12.09,16.54
Somalia,2017,Total,14.5,7.62,24.74
Cyprus,2017,Total,14.6,12.94,16.16
Cuba,2017,Total,14.76,10.72,20.91
Eswatini,2017,Total,14.78,10.32,19.53
Brazil,2017,Total,14.86,12.82,17.85
United Republic of Tanzania,2017,Total,15.2,10.63,22.31
Greece,2017,Total,15.2,14.03,16.4
Romania,2017,Total,15.32,14.58,15.94
Italy,2017,Total,15.73,15.5,15.97
Ecuador,2017,Total,15.84,13.36,18.46
Madagascar,2017,Total,15.86,11.09,23.57
Colombia,2017,Total,15.9,13.67,18.12
Mozambique,2017,Total,16.26,8.5,25.75
Jamaica,2017,Total,16.3,13.6,18.98
Paraguay,2017,Total,16.36,12.53,23.92
Seychelles,2017,Total,16.37,12.14,23.02
Hungary,2017,Total,16.62,15.71,17.66
Cambodia,2017,Total,16.84,14.88,19.48
Czechia,2017,Total,16.99,16.61,17.51
Zambia,2017,Total,16.99,7.66,31.85
Costa Rica,2017,Total,17.05,14.67,19.74
Slovenia,2017,Total,17.08,16.16,18.05
Lesotho,2017,Total,17.75,12.17,26.87
Croatia,2017,Total,18.22,16.91,19.7
Indonesia,2017,Total,18.41,15.35,21.88
Nicaragua,2017,Total,18.44,12.94,25.85
Malawi,2017,Total,18.48,6.19,37.26
Slovakia,2017,Total,18.49,17.58,19.44
Venezuela (Bolivarian Republic of),2017,Total,18.71,13.71,25.61
Albania,2017,Total,19.01,17.22,21.12
South Africa,2017,Total,19.38,18.05,21.34
Timor-Leste,2017,Total,19.49,8.42,38.46
Israel,2017,Total,19.54,18.25,20.75
Lao People's Democratic Republic,2017,Total,19.68,15.54,24.3
Viet Nam,2017,Total,20.1,16.27,23.82
Bulgaria,2017,Total,20.3,19.32,21.26
Malaysia,2017,Total,20.38,18.69,22.39
Mexico,2017,Total,20.44,18.5,22.81
Djibouti,2017,Total,20.9,7.63,44.69
Georgia,2017,Total,21.06,16.34,26.1
Honduras,2017,Total,21.07,14.71,28.71
Philippines,2017,Total,21.62,18.61,24.83
South Sudan,2017,Total,21.64,10.98,39.87
Poland,2017,Total,21.96,21.36,22.42
Ethiopia,2017,Total,22.23,13.12,33.53
Montenegro,2017,Total,22.66,20.09,26.15
Chile,2017,Total,22.69,19.39,26.33
Sudan,2017,Total,22.73,11.22,41.89
Türkiye,2017,Total,22.89,21.53,24.08
Sri Lanka,2017,Total,22.99,17.03,31.13
Algeria,2017,Total,23.33,14.84,36.41
Lebanon,2017,Total,23.53,17.69,31.06
Thailand,2017,Total,23.54,21.45,25.89
Eritrea,2017,Total,23.56,9.13,53.08
Guatemala,2017,Total,23.82,19.2,30.7
Bolivia (Plurinational State of),2017,Total,24.17,16.59,32.27
Syrian Arab Republic,2017,Total,24.83,20.45,30.01
El Salvador,2017,Total,24.94,17.71,35.22
Serbia,2017,Total,24.95,23.0,26.63
Jordan,2017,Total,25.29,22.26,28.51
Angola,2017,Total,25.44,5.89,78.84
Republic of Korea,2017,Total,25.81,24.96,26.36
Gabon,2017,Total,25.9,6.56,80.22
Myanmar,2017,Total,25.93,22.22,29.66
Tunisia,2017,Total,26.13,17.73,36.84
Bhutan,2017,Total,26.49,23.66,29.04
Equatorial Guinea,2017,Total,26.62,6.03,74.11
Azerbaijan,2017,Total,27.48,15.26,43.12
Burundi,2017,Total,27.63,10.98,60.14
Peru,2017,Total,27.76,21.2,36.01
Central African Republic,2017,Total,27.94,6.15,77.57
Libya,2017,Total,28.42,14.36,48.39
Congo,2017,Total,28.77,6.39,97.69
Kazakhstan,2017,Total,29.04,20.8,38.95
North Macedonia,2017,Total,29.26,27.3,31.81
Turkmenistan,2017,Total,29.49,18.2,41.7
"occupied Palestinian territory, including east Jerusalem",2017,Total,29.81,21.26,40.28
Iran (Islamic Republic of),2017,Total,30.35,26.52,33.98
Uganda,2017,Total,31.28,19.73,46.86
Democratic Republic of the Congo,2017,Total,31.32,7.1,97.99
Bosnia and Herzegovina,2017,Total,31.4,28.81,34.36
Cabo Verde,2017,Total,32.59,17.17,60.6
Benin,2017,Total,32.66,20.67,49.36
Sao Tome and Principe,2017,Total,33.62,17.14,58.09
Rwanda,2017,Total,34.71,12.0,69.79
Liberia,2017,Total,35.98,18.18,65.26
Oman,2017,Total,35.99,22.66,59.13
Guinea-Bissau,2017,Total,36.53,17.96,68.76
Nepal,2017,Total,36.76,31.79,43.85
Togo,2017,Total,37.25,21.56,60.42
Armenia,2017,Total,37.76,28.17,55.16
Guinea,2017,Total,38.63,22.43,75.02
Iraq,2017,Total,38.86,31.55,48.9
Senegal,2017,Total,39.89,22.52,59.51
Sierra Leone,2017,Total,40.25,17.95,77.68
Mali,2017,Total,40.34,15.17,91.08
Gambia,2017,Total,40.5,20.98,68.77
Yemen,2017,Total,41.32,14.26,84.71
Kyrgyzstan,2017,Total,41.61,28.16,60.5
Cote d'Ivoire,2017,Total,42.12,23.03,72.23
Burkina Faso,2017,Total,42.74,16.6,96.92
United Arab Emirates,2017,Total,43.33,37.1,52.57
Mauritania,2017,Total,43.42,18.14,95.8
Chad,2017,Total,44.36,23.95,76.96
Uzbekistan,2017,Total,45.48,32.02,67.59
Mongolia,2017,Total,45.5,32.91,59.0
Bangladesh,2017,Total,46.19,41.55,50.85
China,2017,Total,46.9,44.96,48.35
Ghana,2017,Total,48.44,31.47,74.38
Finland,2017,Total,5.37,5.06,5.69
Iceland,2017,Total,5.75,5.08,6.39
Bahamas,2017,Total,5.8,4.16,8.3
Estonia,2017,Total,5.9,5.21,6.51
Sweden,2017,Total,5.93,5.66,6.18
Democratic People's Republic of Korea,2017,Total,50.32,38.01,65.02
India,2017,Total,51.3,48.78,53.21
Pakistan,2017,Total,51.98,42.55,62.74
Niger,2017,Total,52.41,22.14,106.8
Bahrain,2017,Total,54.72,48.32,60.98
Nigeria,2017,Total,57.45,38.08,80.09
Saudi Arabia,2017,Total,58.47,41.37,77.1
Cameroon,2017,Total,59.3,39.59,85.72
Tajikistan,2017,Total,59.39,40.92,86.57
Norway,2017,Total,6.36,5.99,6.69
Niue,2017,Total,6.64,3.21,13.59
Tuvalu,2017,Total,6.85,2.56,13.58
Australia,2017,Total,6.89,6.55,7.21
Canada,2017,Total,6.9,6.69,7.11
Afghanistan,2017,Total,61.78,44.81,85.24
Egypt,2017,Total,62.05,39.89,90.79
Qatar,2017,Total,63.11,48.58,75.64
Kuwait,2017,Total,65.63,56.91,74.54
Brunei Darussalam,2017,Total,7.03,5.93,8.41
New Zealand,2017,Total,7.14,6.74,7.58
Marshall Islands,2017,Total,7.15,2.62,14.81
Tonga,2017,Total,7.38,4.06,12.42
Nauru,2017,Total,7.45,2.61,13.38
Fiji,2017,Total,7.45,4.21,12.4
Palau,2017,Total,7.5,2.72,16.53
Cook Islands,2017,Total,7.6,3.08,17.23
Micronesia (Federated States of),2017,Total,7.62,3.33,15.32
Kiribati,2017,Total,7.63,2.74,15.17
Samoa,2017,Total,7.67,2.78,16.73
Solomon Islands,2017,Total,7.8,2.76,13.72
United States of America,2017,Total,7.96,7.84,8.09
Ireland,2017,Total,8.13,7.6,8.59
Dominican Republic,2017,Total,8.32,5.16,12.23
Russian Federation,2017,Total,8.38,6.8,10.4
Vanuatu,2017,Total,8.62,2.84,18.56
Papua New Guinea,2017,Total,8.87,3.09,20.03
Saint Kitts and Nevis,2017,Total,8.97,6.97,12.47
Portugal,2017,Total,9.04,8.7,9.35
Dominica,2017,Total,9.23,6.41,13.16
Antigua and Barbuda,2017,Total,9.27,6.49,13.63
Uruguay,2017,Total,9.27,6.94,12.02
Andorra,2017,Total,9.31,8.16,10.97
Monaco,2017,Total,9.63,8.61,10.79
Luxembourg,2017,Total,9.84,9.27,10.42
Switzerland,2017,Total,9.89,9.63,10.15
Lithuania,2017,Total,9.91,8.93,10.96
Denmark,2017,Total,9.97,9.07,11.0
Spain,2016,Total,10.04,9.85,10.26
Saint Vincent and the Grenadines,2016,Total,10.05,6.83,14.5
United Kingdom of Great Britain and Northern Ireland,2016,Total,10.19,9.84,10.48
Lithuania,2016,Total,10.3,9.24,11.23
San Marino,2016,Total,10.33,8.59,12.08
Barbados,2016,Total,10.34,6.92,15.38
Haiti,2016,Total,10.36,5.78,18.88
Grenada,2016,Total,10.59,7.76,13.73
Mauritius,2016,Total,10.73,8.56,13.14
Trinidad and Tobago,2016,Total,10.95,8.26,13.34
Belize,2016,Total,11.1,4.47,21.96
France,2016,Total,11.24,11.02,11.46
Netherlands (Kingdom of the),2016,Total,11.6,11.23,11.98
Germany,2016,Total,11.66,11.47,11.85
Guyana,2016,Total,11.76,6.77,19.65
Namibia,2016,Total,11.9,6.29,18.89
Brazil,2016,Total,12.0,10.34,14.3
Latvia,2016,Total,12.15,10.92,13.71
Austria,2016,Total,12.28,11.94,12.68
Belgium,2016,Total,12.37,11.94,12.76
Republic of Moldova,2016,Total,12.51,9.54,16.17
Kenya,2016,Total,12.53,7.81,17.79
Japan,2016,Total,12.54,11.63,13.37
Botswana,2016,Total,12.69,9.17,18.47
Suriname,2016,Total,12.9,7.62,19.35
Zimbabwe,2016,Total,13.09,7.05,22.78
Paraguay,2016,Total,13.27,10.03,19.43
Malta,2016,Total,13.27,12.16,14.69
Ukraine,2016,Total,13.33,9.89,18.38
Morocco,2016,Total,13.55,11.07,16.7
Maldives,2016,Total,13.66,10.78,17.86
Cyprus,2016,Total,13.67,12.09,15.23
Argentina,2016,Total,13.93,10.47,18.2
Panama,2016,Total,14.04,10.26,17.85
Comoros,2016,Total,14.15,7.29,22.86
Somalia,2016,Total,14.4,7.6,24.55
Cuba,2016,Total,14.47,10.58,20.35
Eswatini,2016,Total,14.58,10.16,19.26
Belarus,2016,Total,14.78,12.57,16.91
Romania,2016,Total,14.85,14.13,15.49
Greece,2016,Total,15.17,14.01,16.35
Singapore,2016,Total,15.48,12.03,20.46
United Republic of Tanzania,2016,Total,15.6,11.04,23.1
Italy,2016,Total,15.82,15.59,16.07
Jamaica,2016,Total,15.98,13.1,18.52
Hungary,2016,Total,16.18,15.32,17.13
Mozambique,2016,Total,16.43,8.46,26.13
Madagascar,2016,Total,16.52,11.08,24.8
Czechia,2016,Total,16.62,16.15,17.16
Slovenia,2016,Total,16.74,15.93,17.83
Colombia,2016,Total,16.9,14.2,19.92
Ecuador,2016,Total,17.17,14.78,20.41
Zambia,2016,Total,17.32,7.7,32.7
Lesotho,2016,Total,17.42,12.05,26.35
Croatia,2016,Total,17.73,16.34,19.02
Costa Rica,2016,Total,17.86,15.35,20.57
Slovakia,2016,Total,17.98,17.13,18.86
Seychelles,2016,Total,18.15,13.13,25.54
Albania,2016,Total,18.15,16.42,20.18
Malawi,2016,Total,18.58,6.21,37.57
South Africa,2016,Total,19.07,17.87,21.05
Cambodia,2016,Total,19.16,16.86,21.68
Nicaragua,2016,Total,19.56,13.99,28.62
Bulgaria,2016,Total,19.63,18.74,20.68
Venezuela (Bolivarian Republic of),2016,Total,19.65,14.06,26.59
Israel,2016,Total,19.9,18.6,21.15
Djibouti,2016,Total,20.47,7.68,43.27
Indonesia,2016,Total,20.78,17.4,25.35
Timor-Leste,2016,Total,21.2,9.2,42.96
Mexico,2016,Total,21.21,19.76,23.15
Poland,2016,Total,21.34,20.81,21.81
Montenegro,2016,Total,21.48,19.22,24.73
Ethiopia,2016,Total,22.17,13.09,33.33
Georgia,2016,Total,22.24,16.8,28.24
Eritrea,2016,Total,22.3,9.1,47.79
South Sudan,2016,Total,22.37,11.12,42.28
Viet Nam,2016,Total,22.37,17.96,26.83
Sudan,2016,Total,22.41,11.15,41.24
Türkiye,2016,Total,22.53,21.26,23.65
Honduras,2016,Total,22.63,15.97,30.69
Malaysia,2016,Total,22.89,21.03,24.97
Algeria,2016,Total,23.06,14.73,35.92
Lao People's Democratic Republic,2016,Total,23.09,18.36,28.42
Chile,2016,Total,23.75,22.42,25.5
Philippines,2016,Total,23.9,20.43,26.54
Lebanon,2016,Total,24.11,17.97,32.17
Serbia,2016,Total,24.25,22.4,25.82
Syrian Arab Republic,2016,Total,24.43,20.21,29.46
Jordan,2016,Total,24.87,22.02,28.12
Guatemala,2016,Total,25.0,20.06,31.2
Sri Lanka,2016,Total,25.46,19.5,33.81
Angola,2016,Total,26.08,6.01,80.35
Bolivia (Plurinational State of),2016,Total,26.4,18.01,35.8
Thailand,2016,Total,26.42,24.16,28.99
El Salvador,2016,Total,26.44,16.98,37.83
Gabon,2016,Total,26.67,6.62,83.89
Equatorial Guinea,2016,Total,26.95,6.03,75.59
Republic of Korea,2016,Total,27.26,26.35,27.96
Tunisia,2016,Total,27.58,18.44,39.35
Bhutan,2016,Total,27.63,24.76,30.63
North Macedonia,2016,Total,28.23,26.47,31.0
Burundi,2016,Total,28.37,10.91,61.8
Azerbaijan,2016,Total,28.84,16.23,45.56
Central African Republic,2016,Total,29.15,6.13,82.35
Myanmar,2016,Total,29.25,25.27,34.7
Peru,2016,Total,29.49,22.7,37.5
Iran (Islamic Republic of),2016,Total,29.5,25.85,32.96
Bosnia and Herzegovina,2016,Total,29.71,27.37,32.6
Congo,2016,Total,30.03,6.52,105.9
Libya,2016,Total,30.07,14.86,51.57
"occupied Palestinian territory, including east Jerusalem",2016,Total,30.29,21.47,41.19
Kazakhstan,2016,Total,30.66,21.93,40.88
Turkmenistan,2016,Total,31.23,20.27,45.48
Cabo Verde,2016,Total,31.83,16.9,58.26
Uganda,2016,Total,32.08,20.13,48.48
Benin,2016,Total,32.73,20.64,49.52
Democratic Republic of the Congo,2016,Total,32.99,7.18,106.5
Sao Tome and Principe,2016,Total,34.45,17.48,59.83
Rwanda,2016,Total,34.97,11.98,70.57
Guinea-Bissau,2016,Total,35.01,17.95,63.76
Oman,2016,Total,35.54,22.4,58.4
Liberia,2016,Total,35.72,18.12,64.78
Togo,2016,Total,37.52,21.45,61.08
Nepal,2016,Total,38.43,33.38,45.66
Iraq,2016,Total,38.51,31.29,48.39
Senegal,2016,Total,38.67,22.1,57.9
Gambia,2016,Total,38.93,20.74,65.14
Guinea,2016,Total,39.28,22.66,76.25
Yemen,2016,Total,39.91,13.91,80.68
Armenia,2016,Total,40.04,28.38,58.58
Mali,2016,Total,40.08,15.1,90.26
Sierra Leone,2016,Total,40.62,18.01,77.81
Mauritania,2016,Total,42.43,17.8,92.84
Cote d'Ivoire,2016,Total,42.7,23.12,73.32
United Arab Emirates,2016,Total,42.89,36.71,51.87
Burkina Faso,2016,Total,43.05,16.66,97.72
Kyrgyzstan,2016,Total,44.05,29.44,64.28
Chad,2016,Total,44.49,24.05,77.43
Mongolia,2016,Total,47.5,34.6,62.14
China,2016,Total,47.61,45.75,49.35
Bangladesh,2016,Total,47.78,43.27,52.87
Uzbekistan,2016,Total,48.09,33.46,72.05
Ghana,2016,Total,49.59,31.77,77.18
Finland,2016,Total,5.39,5.07,5.71
Bahamas,2016,Total,5.56,4.09,7.72
Iceland,2016,Total,5.69,5.03,6.32
Sweden,2016,Total,5.88,5.64,6.17
Democratic People's Republic of Korea,2016,Total,51.04,38.56,66.25
Niger,2016,Total,52.51,22.05,107.0
Bahrain,2016,Total,52.9,46.87,59.15
India,2016,Total,53.0,50.57,55.28
Pakistan,2016,Total,53.65,43.88,65.45
Saudi Arabia,2016,Total,55.76,39.29,73.51
Nigeria,2016,Total,57.17,37.89,79.67
Cameroon,2016,Total,59.2,39.44,85.74
Estonia,2016,Total,6.2,5.54,6.9
Canada,2016,Total,6.31,6.12,6.5
Norway,2016,Total,6.33,5.97,6.65
Australia,2016,Total,6.67,6.37,7.02
Tuvalu,2016,Total,6.7,2.61,13.65
Niue,2016,Total,6.75,3.31,13.31
New Zealand,2016,Total,6.91,6.56,7.26
Qatar,2016,Total,61.3,47.49,73.16
Egypt,2016,Total,61.97,39.85,90.78
Tajikistan,2016,Total,62.73,42.52,90.41
Afghanistan,2016,Total,64.0,46.01,87.23
Kuwait,2016,Total,64.37,55.89,72.9
Marshall Islands,2016,Total,7.27,2.69,15.16
Nauru,2016,Total,7.33,2.82,13.25
Fiji,2016,Total,7.39,4.17,11.84
Tonga,2016,Total,7.4,4.29,12.9
United States of America,2016,Total,7.54,7.44,7.63
Palau,2016,Total,7.59,2.79,16.2
Samoa,2016,Total,7.62,2.87,18.18
Cook Islands,2016,Total,7.62,3.17,17.56
Kiribati,2016,Total,7.64,2.89,15.3
Micronesia (Federated States of),2016,Total,7.73,3.81,16.13
Solomon Islands,2016,Total,7.76,2.84,13.39
Brunei Darussalam,2016,Total,7.91,6.54,9.6
Dominican Republic,2016,Total,8.02,5.05,11.72
Ireland,2016,Total,8.08,7.55,8.54
Portugal,2016,Total,8.42,8.12,8.71
Vanuatu,2016,Total,8.66,3.07,18.26
Saint Kitts and Nevis,2016,Total,8.66,6.47,12.0
Papua New Guinea,2016,Total,8.69,3.19,19.99
Russian Federation,2016,Total,8.71,7.07,11.03
Dominica,2016,Total,8.88,6.04,13.59
Antigua and Barbuda,2016,Total,8.95,6.03,13.15
Andorra,2016,Total,9.06,7.93,10.71
Monaco,2016,Total,9.53,8.5,10.59
Saint Lucia,2016,Total,9.56,6.8,13.52
Uruguay,2016,Total,9.75,7.55,12.17
Luxembourg,2016,Total,9.75,9.19,10.33
Denmark,2016,Total,9.78,8.91,10.75
Switzerland,2016,Total,9.99,9.72,10.32
Saint Vincent and the Grenadines,2015,Total,10.09,6.83,13.67
Haiti,2015,Total,10.14,5.83,17.69
Monaco,2015,Total,10.41,9.33,11.58
Luxembourg,2015,Total,10.45,9.88,11.11
Barbados,2015,Total,10.53,7.12,15.94
Denmark,2015,Total,10.73,9.78,11.81
Mauritius,2015,Total,10.75,8.58,13.17
Grenada,2015,Total,10.76,7.69,13.56
Switzerland,2015,Total,10.82,10.53,11.13
Trinidad and Tobago,2015,Total,10.94,8.23,13.31
United Kingdom of Great Britain and Northern Ireland,2015,Total,11.08,10.68,11.46
Belize,2015,Total,11.1,4.22,22.65
Spain,2015,Total,11.11,10.88,11.36
San Marino,2015,Total,11.42,9.52,13.38
Lithuania,2015,Total,11.44,10.6,12.44
Guyana,2015,Total,11.72,6.51,18.19
Namibia,2015,Total,11.88,6.26,18.87
Brazil,2015,Total,12.05,10.46,14.26
France,2015,Total,12.21,11.99,12.42
Maldives,2015,Total,12.23,9.75,16.32
Kenya,2015,Total,12.5,7.79,17.72
Netherlands (Kingdom of the),2015,Total,12.59,12.15,13.08
Germany,2015,Total,12.64,12.44,12.84
Japan,2015,Total,12.75,11.88,13.54
Botswana,2015,Total,12.89,9.29,19.01
Suriname,2015,Total,12.96,7.31,20.28
Paraguay,2015,Total,13.0,9.89,18.99
Zimbabwe,2015,Total,13.27,7.12,23.39
Belgium,2015,Total,13.28,12.82,13.72
Latvia,2015,Total,13.4,12.05,14.78
Morocco,2015,Total,13.48,11.03,16.61
Republic of Moldova,2015,Total,13.61,10.17,17.55
Austria,2015,Total,13.63,13.29,14.06
Malta,2015,Total,13.85,12.71,15.35
Cuba,2015,Total,14.16,10.47,19.33
Argentina,2015,Total,14.18,10.46,18.33
Somalia,2015,Total,14.22,7.58,24.2
Comoros,2015,Total,14.54,7.45,24.39
Ukraine,2015,Total,14.67,10.95,19.91
Eswatini,2015,Total,14.83,10.37,19.6
Panama,2015,Total,14.87,10.7,18.76
Cyprus,2015,Total,15.13,13.39,16.82
Romania,2015,Total,15.41,14.83,16.07
United Republic of Tanzania,2015,Total,15.59,10.99,23.12
Jamaica,2015,Total,15.75,13.53,18.41
Singapore,2015,Total,16.16,12.61,21.25
Madagascar,2015,Total,16.42,11.05,24.62
Greece,2015,Total,16.45,15.2,17.72
Belarus,2015,Total,16.49,14.11,18.84
Seychelles,2015,Total,16.51,11.8,23.79
Mozambique,2015,Total,16.68,8.59,26.99
Hungary,2015,Total,17.16,16.21,18.12
Italy,2015,Total,17.28,17.0,17.54
Colombia,2015,Total,17.33,14.85,19.91
Cambodia,2015,Total,17.43,15.58,19.63
Zambia,2015,Total,17.43,7.75,32.99
Czechia,2015,Total,17.52,16.98,18.0
Slovenia,2015,Total,17.55,16.68,18.39
Lesotho,2015,Total,17.65,12.11,26.66
Ecuador,2015,Total,17.73,15.18,20.4
Costa Rica,2015,Total,18.32,15.72,21.92
Croatia,2015,Total,18.65,17.31,20.22
Malawi,2015,Total,18.8,6.25,38.46
Albania,2015,Total,18.98,17.17,21.23
Slovakia,2015,Total,19.05,18.12,20.1
South Africa,2015,Total,19.14,17.88,21.12
Indonesia,2015,Total,19.34,16.09,23.52
Timor-Leste,2015,Total,19.43,8.41,38.73
Venezuela (Bolivarian Republic of),2015,Total,20.12,14.42,27.06
Djibouti,2015,Total,20.39,7.7,42.98
Bulgaria,2015,Total,20.41,19.51,21.56
Viet Nam,2015,Total,20.47,16.11,24.56
Lao People's Democratic Republic,2015,Total,20.55,16.16,24.42
Nicaragua,2015,Total,20.61,14.87,29.79
Malaysia,2015,Total,21.44,19.59,23.57
Israel,2015,Total,21.65,20.25,22.92
Mexico,2015,Total,21.8,20.37,23.74
Philippines,2015,Total,22.05,18.55,25.3
South Sudan,2015,Total,22.06,11.04,41.8
Ethiopia,2015,Total,22.12,13.07,33.26
Eritrea,2015,Total,22.33,9.09,47.93
Algeria,2015,Total,22.49,14.46,34.91
Montenegro,2015,Total,22.5,20.12,25.97
Sudan,2015,Total,22.55,11.19,41.68
Georgia,2015,Total,22.57,18.15,28.8
Poland,2015,Total,22.59,22.09,23.19
Türkiye,2015,Total,22.96,21.58,24.2
Honduras,2015,Total,23.07,16.2,31.1
Sri Lanka,2015,Total,23.08,17.1,30.51
Thailand,2015,Total,24.1,22.07,26.34
Chile,2015,Total,24.15,22.61,25.59
Lebanon,2015,Total,24.49,18.14,32.94
Syrian Arab Republic,2015,Total,24.75,20.42,29.89
Angola,2015,Total,25.03,6.03,73.14
Serbia,2015,Total,25.33,23.38,27.0
Jordan,2015,Total,25.34,22.27,28.57
Guatemala,2015,Total,25.42,19.99,32.88
Tunisia,2015,Total,26.13,17.72,36.8
Gabon,2015,Total,26.13,6.57,81.25
Bolivia (Plurinational State of),2015,Total,26.5,18.68,37.5
Myanmar,2015,Total,26.53,22.68,30.8
El Salvador,2015,Total,27.18,18.2,39.58
Equatorial Guinea,2015,Total,27.29,6.01,77.48
Republic of Korea,2015,Total,27.61,26.6,28.42
Burundi,2015,Total,28.37,10.87,61.82
Congo,2015,Total,28.99,6.45,98.68
Bhutan,2015,Total,29.04,26.07,31.84
Central African Republic,2015,Total,29.06,6.12,82.4
Libya,2015,Total,29.07,14.58,49.75
North Macedonia,2015,Total,29.51,27.68,32.2
Azerbaijan,2015,Total,29.67,16.4,49.72
Iran (Islamic Republic of),2015,Total,29.87,26.17,33.43
Peru,2015,Total,30.29,23.89,38.54
"occupied Palestinian territory, including east Jerusalem",2015,Total,30.49,21.56,41.49
Bosnia and Herzegovina,2015,Total,30.74,28.35,34.0
Kazakhstan,2015,Total,30.83,22.3,41.78
Turkmenistan,2015,Total,31.44,19.36,43.68
Uganda,2015,Total,31.65,19.98,47.63
Democratic Republic of the Congo,2015,Total,32.21,7.14,102.3
Benin,2015,Total,33.11,20.6,49.95
Cabo Verde,2015,Total,33.38,17.39,63.25
Sao Tome and Principe,2015,Total,34.0,17.32,58.84
Rwanda,2015,Total,34.69,11.95,69.7
Oman,2015,Total,35.84,22.53,59.1
Guinea-Bissau,2015,Total,36.11,17.85,67.59
Liberia,2015,Total,37.68,18.81,68.69
Togo,2015,Total,38.25,21.31,61.6
Iraq,2015,Total,39.05,31.71,49.13
Guinea,2015,Total,39.19,22.65,75.91
Nepal,2015,Total,39.82,34.79,47.3
Gambia,2015,Total,39.87,20.71,67.65
Senegal,2015,Total,39.9,22.43,59.44
Armenia,2015,Total,40.59,30.19,56.61
Mali,2015,Total,40.77,15.26,93.68
Yemen,2015,Total,41.06,14.2,84.02
Sierra Leone,2015,Total,42.53,18.26,84.22
Burkina Faso,2015,Total,43.63,16.73,99.32
Mauritania,2015,Total,43.68,18.1,97.1
Cote d'Ivoire,2015,Total,43.76,23.31,75.37
United Arab Emirates,2015,Total,43.93,37.59,53.41
Chad,2015,Total,44.5,23.97,77.64
Kyrgyzstan,2015,Total,44.58,30.45,62.94
Mongolia,2015,Total,47.79,33.39,62.15
Uzbekistan,2015,Total,48.46,35.69,68.97
Bahamas,2015,Total,5.32,3.89,7.79
Finland,2015,Total,5.83,5.49,6.17
Ghana,2015,Total,50.01,31.85,77.8
Bangladesh,2015,Total,50.63,45.48,55.38
China,2015,Total,51.76,49.64,53.54
Niger,2015,Total,52.87,22.07,107.9
India,2015,Total,55.48,52.72,57.77
Pakistan,2015,Total,55.9,45.37,67.8
Bahrain,2015,Total,56.38,49.48,63.08
Democratic People's Republic of Korea,2015,Total,56.44,42.69,72.96
Nigeria,2015,Total,57.28,37.86,79.98
Saudi Arabia,2015,Total,58.48,41.37,77.34
Cameroon,2015,Total,59.09,39.2,85.56
Sweden,2015,Total,6.37,6.1,6.68
Iceland,2015,Total,6.43,5.67,7.16
Niue,2015,Total,6.53,3.31,12.8
Australia,2015,Total,6.6,6.31,6.93
Estonia,2015,Total,6.75,6.1,7.29
Norway,2015,Total,6.82,6.42,7.17
New Zealand,2015,Total,6.94,6.54,7.35
Tuvalu,2015,Total,6.95,2.79,12.7
Egypt,2015,Total,61.56,39.67,90.1
Tajikistan,2015,Total,63.28,43.86,91.64
Qatar,2015,Total,65.91,50.28,79.53
Kuwait,2015,Total,66.17,57.39,75.31
Afghanistan,2015,Total,67.2,49.05,92.67
Marshall Islands,2015,Total,7.1,2.85,14.53
Canada,2015,Total,7.15,6.97,7.37
Tonga,2015,Total,7.26,4.45,12.61
Nauru,2015,Total,7.28,2.91,13.23
Kiribati,2015,Total,7.31,2.95,14.11
Fiji,2015,Total,7.32,4.31,11.85
Cook Islands,2015,Total,7.45,3.15,15.44
Micronesia (Federated States of),2015,Total,7.65,3.84,15.18
Samoa,2015,Total,7.76,2.93,17.34
Brunei Darussalam,2015,Total,7.81,6.53,9.47
Solomon Islands,2015,Total,7.86,2.85,14.45
Dominican Republic,2015,Total,7.87,4.92,11.53
Palau,2015,Total,8.02,3.0,18.78
United States of America,2015,Total,8.31,8.21,8.43
Saint Kitts and Nevis,2015,Total,8.59,6.44,11.44
Vanuatu,2015,Total,8.62,3.29,19.07
Portugal,2015,Total,8.68,8.37,8.93
Dominica,2015,Total,8.81,6.09,12.75
Antigua and Barbuda,2015,Total,8.89,6.03,12.31
Papua New Guinea,2015,Total,8.97,3.34,20.82
Ireland,2015,Total,9.16,8.58,9.68
Russian Federation,2015,Total,9.49,7.7,11.57
Saint Lucia,2015,Total,9.62,6.92,13.39
Uruguay,2015,Total,9.9,7.66,12.45
Andorra,2015,Total,9.94,8.72,11.68
Grenada,2014,Total,10.18,7.16,13.03
Luxembourg,2014,Total,10.27,9.68,10.9
Spain,2014,Total,10.31,10.12,10.52
Trinidad and Tobago,2014,Total,10.34,7.78,12.71
Denmark,2014,Total,10.39,9.48,11.48
Switzerland,2014,Total,10.51,10.24,10.81
Mauritius,2014,Total,10.66,8.47,13.05
Belize,2014,Total,10.8,4.16,21.24
Russian Federation,2014,Total,10.8,8.78,13.19
United Kingdom of Great Britain and Northern Ireland,2014,Total,10.95,10.55,11.28
San Marino,2014,Total,11.0,9.2,12.89
Guyana,2014,Total,11.08,5.75,17.33
France,2014,Total,11.88,11.61,12.12
Namibia,2014,Total,11.93,6.25,18.89
Maldives,2014,Total,12.08,9.63,15.74
Suriname,2014,Total,12.23,6.7,19.33
Germany,2014,Total,12.47,12.25,12.66
Kenya,2014,Total,12.47,7.78,17.66
Netherlands (Kingdom of the),2014,Total,12.49,12.04,13.0
Botswana,2014,Total,12.78,9.25,18.72
Lithuania,2014,Total,12.92,11.88,14.31
Austria,2014,Total,12.98,12.66,13.41
Zimbabwe,2014,Total,13.12,7.07,22.85
Belgium,2014,Total,13.13,12.7,13.57
Morocco,2014,Total,13.26,10.9,16.41
Brazil,2014,Total,13.29,11.53,15.66
Japan,2014,Total,13.41,12.45,14.29
Argentina,2014,Total,13.56,10.23,17.61
Cuba,2014,Total,13.71,9.88,18.22
Malta,2014,Total,13.9,12.78,15.43
Paraguay,2014,Total,14.08,10.56,20.97
Comoros,2014,Total,14.24,7.32,23.28
Somalia,2014,Total,14.25,7.57,24.26
Panama,2014,Total,14.52,10.54,18.7
Cyprus,2014,Total,14.88,13.21,16.52
Eswatini,2014,Total,15.05,10.56,20.0
United Republic of Tanzania,2014,Total,15.35,10.83,22.7
Jamaica,2014,Total,15.36,13.1,17.56
Latvia,2014,Total,15.39,13.71,17.37
Greece,2014,Total,15.61,14.47,16.85
Republic of Moldova,2014,Total,15.64,11.77,19.4
Romania,2014,Total,15.96,15.42,16.52
Seychelles,2014,Total,16.23,11.44,22.25
Madagascar,2014,Total,16.24,10.99,24.28
Ukraine,2014,Total,16.58,12.5,22.96
Singapore,2014,Total,16.63,12.98,21.92
Mozambique,2014,Total,16.68,8.6,26.76
Italy,2014,Total,16.69,16.42,16.94
Cambodia,2014,Total,17.02,15.2,18.88
Colombia,2014,Total,17.21,15.1,19.36
Zambia,2014,Total,17.29,7.7,32.68
Hungary,2014,Total,17.68,16.87,18.66
Slovenia,2014,Total,17.91,17.06,18.97
Lesotho,2014,Total,17.95,12.2,27.13
Costa Rica,2014,Total,18.04,15.6,20.98
Czechia,2014,Total,18.28,17.76,18.87
Ecuador,2014,Total,18.56,15.65,21.81
Malawi,2014,Total,18.71,6.23,38.07
Belarus,2014,Total,18.77,16.14,22.07
Indonesia,2014,Total,18.87,16.06,22.73
South Africa,2014,Total,18.98,17.77,20.96
Croatia,2014,Total,19.1,17.64,20.66
Albania,2014,Total,19.13,17.34,21.32
Timor-Leste,2014,Total,19.27,8.37,39.0
Slovakia,2014,Total,19.52,18.57,20.47
Venezuela (Bolivarian Republic of),2014,Total,19.84,14.56,26.04
Djibouti,2014,Total,20.0,7.75,41.68
Viet Nam,2014,Total,20.08,16.06,23.84
Lao People's Democratic Republic,2014,Total,20.15,15.76,24.03
Nicaragua,2014,Total,20.25,14.57,28.62
Israel,2014,Total,20.43,19.21,21.55
Malaysia,2014,Total,20.81,19.41,22.51
Bulgaria,2014,Total,21.17,20.21,22.21
South Sudan,2014,Total,21.24,10.89,39.66
Eritrea,2014,Total,21.31,9.09,44.28
Sudan,2014,Total,21.4,10.99,39.09
Philippines,2014,Total,21.54,18.51,24.83
Mexico,2014,Total,21.56,19.96,23.75
Ethiopia,2014,Total,21.94,13.01,32.88
Algeria,2014,Total,22.64,14.54,35.12
Sri Lanka,2014,Total,22.66,16.57,30.47
Georgia,2014,Total,22.76,18.22,28.41
Türkiye,2014,Total,22.86,21.52,24.07
Honduras,2014,Total,23.1,16.55,30.82
Chile,2014,Total,23.14,21.49,24.68
Montenegro,2014,Total,23.26,20.87,26.72
Poland,2014,Total,23.45,23.0,23.91
Thailand,2014,Total,23.66,21.49,25.41
Lebanon,2014,Total,23.82,17.8,31.66
Equatorial Guinea,2014,Total,24.11,6.07,65.39
Angola,2014,Total,24.12,6.02,68.3
Syrian Arab Republic,2014,Total,24.13,19.95,29.08
Jordan,2014,Total,24.47,21.74,27.73
Gabon,2014,Total,24.74,6.46,74.44
Guatemala,2014,Total,25.22,19.96,32.26
Myanmar,2014,Total,26.08,22.69,29.6
Serbia,2014,Total,26.27,24.2,28.0
Tunisia,2014,Total,27.01,18.15,38.36
El Salvador,2014,Total,27.04,18.49,38.55
Bolivia (Plurinational State of),2014,Total,27.48,20.12,37.7
Central African Republic,2014,Total,27.61,6.12,76.36
Burundi,2014,Total,28.28,10.84,61.61
Congo,2014,Total,28.65,6.47,97.25
Republic of Korea,2014,Total,28.95,27.93,29.92
Iran (Islamic Republic of),2014,Total,29.06,25.43,32.52
Bhutan,2014,Total,29.72,26.71,32.72
Azerbaijan,2014,Total,29.93,17.09,46.57
Libya,2014,Total,29.98,14.79,51.19
"occupied Palestinian territory, including east Jerusalem",2014,Total,30.03,21.34,40.77
Cabo Verde,2014,Total,30.11,16.09,54.28
North Macedonia,2014,Total,30.38,28.58,33.04
Kazakhstan,2014,Total,30.91,22.27,41.82
Benin,2014,Total,31.14,20.39,47.16
Uganda,2014,Total,31.43,19.86,47.25
Peru,2014,Total,31.47,24.95,41.14
Democratic Republic of the Congo,2014,Total,31.47,7.09,99.24
Turkmenistan,2014,Total,31.93,19.36,45.71
Bosnia and Herzegovina,2014,Total,32.07,29.56,35.33
Sao Tome and Principe,2014,Total,32.12,16.56,55.18
Guinea-Bissau,2014,Total,34.51,17.82,62.49
Liberia,2014,Total,34.66,17.78,62.33
Oman,2014,Total,34.69,21.99,56.82
Togo,2014,Total,34.92,21.28,56.48
Rwanda,2014,Total,34.93,11.94,70.45
Iraq,2014,Total,36.63,29.84,45.76
Guinea,2014,Total,37.47,21.92,71.43
Senegal,2014,Total,37.69,21.69,56.6
Gambia,2014,Total,37.96,20.43,63.17
Yemen,2014,Total,38.27,13.57,75.95
Mali,2014,Total,38.38,14.76,84.32
Cote d'Ivoire,2014,Total,39.55,22.51,67.34
Burkina Faso,2014,Total,40.02,16.32,89.35
Nepal,2014,Total,40.3,34.88,48.12
Sierra Leone,2014,Total,40.53,17.94,77.69
Armenia,2014,Total,40.56,29.41,57.65
Mauritania,2014,Total,40.81,17.22,87.96
Chad,2014,Total,41.04,22.36,69.31
United Arab Emirates,2014,Total,41.34,35.23,49.58
Ghana,2014,Total,44.33,30.39,67.2
Kyrgyzstan,2014,Total,44.6,29.13,63.35
Mongolia,2014,Total,47.14,33.75,61.56
Uzbekistan,2014,Total,48.7,35.74,68.14
Niger,2014,Total,48.8,21.38,96.2
Bahamas,2014,Total,5.32,3.87,7.48
Finland,2014,Total,5.77,5.43,6.09
Bahrain,2014,Total,50.12,44.31,55.39
Bangladesh,2014,Total,50.96,46.11,56.06
Saudi Arabia,2014,Total,52.96,37.08,70.03
Cameroon,2014,Total,53.82,37.33,75.2
Nigeria,2014,Total,53.96,36.76,74.1
China,2014,Total,55.4,52.78,57.5
India,2014,Total,55.89,53.24,58.39
Pakistan,2014,Total,56.26,45.55,69.03
Qatar,2014,Total,58.29,45.2,69.17
Iceland,2014,Total,6.03,5.33,6.73
Sweden,2014,Total,6.3,6.03,6.61
Niue,2014,Total,6.52,3.15,14.02
Norway,2014,Total,6.62,6.21,6.96
Tuvalu,2014,Total,6.78,2.7,12.71
Australia,2014,Total,6.91,6.6,7.17
Marshall Islands,2014,Total,6.97,2.67,14.62
Democratic People's Republic of Korea,2014,Total,60.09,45.31,77.31
Kuwait,2014,Total,61.96,53.99,69.84
Egypt,2014,Total,62.02,39.89,90.31
Tajikistan,2014,Total,63.46,44.22,91.45
Afghanistan,2014,Total,68.06,49.36,93.43
Nauru,2014,Total,7.18,2.79,13.72
New Zealand,2014,Total,7.19,6.85,7.6
Tonga,2014,Total,7.2,4.23,12.26
Fiji,2014,Total,7.23,4.28,12.12
Canada,2014,Total,7.29,7.06,7.5
Kiribati,2014,Total,7.33,3.05,14.01
Cook Islands,2014,Total,7.36,3.21,16.84
Micronesia (Federated States of),2014,Total,7.37,3.84,15.11
Samoa,2014,Total,7.55,2.76,17.78
Solomon Islands,2014,Total,7.62,2.84,14.67
Dominican Republic,2014,Total,7.7,4.79,11.32
Palau,2014,Total,7.76,2.85,18.62
Estonia,2014,Total,7.85,7.2,8.7
Portugal,2014,Total,7.9,7.6,8.12
Brunei Darussalam,2014,Total,8.02,6.71,9.78
Saint Kitts and Nevis,2014,Total,8.22,6.18,10.81
Vanuatu,2014,Total,8.36,2.97,17.33
Dominica,2014,Total,8.36,5.8,11.68
Papua New Guinea,2014,Total,8.39,3.03,20.13
Antigua and Barbuda,2014,Total,8.5,5.93,11.84
United States of America,2014,Total,8.62,8.48,8.77
Ireland,2014,Total,8.74,8.19,9.21
Saint Lucia,2014,Total,9.1,6.3,12.11
Andorra,2014,Total,9.35,8.23,11.04
Uruguay,2014,Total,9.52,7.33,12.0
Saint Vincent and the Grenadines,2014,Total,9.55,6.34,12.7
Haiti,2014,Total,9.92,5.52,18.43
Barbados,2014,Total,9.95,6.71,14.11
Monaco,2014,Total,9.97,8.91,11.08
Andorra,2013,Total,10.15,8.88,11.93
Belize,2013,Total,10.25,4.01,20.04
Guyana,2013,Total,10.41,5.35,16.79
Russian Federation,2013,Total,10.46,8.4,12.97
Mauritius,2013,Total,10.64,8.46,13.03
Monaco,2013,Total,10.77,9.62,12.05
Denmark,2013,Total,10.97,9.97,12.09
Luxembourg,2013,Total,11.03,10.39,11.7
Spain,2013,Total,11.22,10.98,11.47
Switzerland,2013,Total,11.38,11.1,11.74
Suriname,2013,Total,11.46,6.41,18.09
San Marino,2013,Total,11.72,9.78,13.69
United Kingdom of Great Britain and Northern Ireland,2013,Total,11.82,11.38,12.22
Namibia,2013,Total,11.85,6.24,18.67
Kenya,2013,Total,12.44,7.77,17.61
Lithuania,2013,Total,12.65,11.58,13.91
Botswana,2013,Total,12.81,9.23,18.87
Morocco,2013,Total,12.87,10.67,15.87
France,2013,Total,12.95,12.68,13.22
Zimbabwe,2013,Total,13.1,7.05,22.78
Brazil,2013,Total,13.15,11.39,15.61
Netherlands (Kingdom of the),2013,Total,13.2,12.77,13.73
Cuba,2013,Total,13.24,9.73,17.92
Germany,2013,Total,13.27,13.05,13.49
Japan,2013,Total,13.45,12.54,14.35
Maldives,2013,Total,13.67,10.88,18.01
Austria,2013,Total,13.98,13.59,14.43
Argentina,2013,Total,14.02,10.47,18.07
Comoros,2013,Total,14.07,7.25,22.68
Somalia,2013,Total,14.27,7.57,24.2
Malta,2013,Total,14.31,13.16,15.91
Jamaica,2013,Total,14.32,12.34,16.34
Paraguay,2013,Total,14.34,10.83,21.31
Belgium,2013,Total,14.41,13.96,14.94
Eswatini,2013,Total,14.9,10.44,19.69
Latvia,2013,Total,15.06,13.59,16.93
Republic of Moldova,2013,Total,15.1,11.28,19.78
Panama,2013,Total,15.21,11.11,19.11
United Republic of Tanzania,2013,Total,15.36,10.83,22.71
Romania,2013,Total,15.96,15.35,16.44
Ukraine,2013,Total,15.99,12.21,21.95
Cyprus,2013,Total,16.12,14.3,17.88
Madagascar,2013,Total,16.55,11.03,24.85
Singapore,2013,Total,16.58,12.91,21.85
Mozambique,2013,Total,16.65,8.55,26.69
Zambia,2013,Total,17.24,7.68,32.52
Greece,2013,Total,17.32,15.96,18.65
Hungary,2013,Total,17.41,16.63,18.5
Lesotho,2013,Total,17.75,12.13,26.84
Italy,2013,Total,17.91,17.66,18.18
Belarus,2013,Total,17.94,15.56,20.15
Slovenia,2013,Total,17.98,17.06,19.11
Czechia,2013,Total,18.07,17.56,18.62
Colombia,2013,Total,18.08,15.36,21.09
Ecuador,2013,Total,18.12,15.19,20.97
Seychelles,2013,Total,18.27,12.96,26.18
Malawi,2013,Total,18.73,6.24,38.06
South Africa,2013,Total,18.82,17.62,20.76
Croatia,2013,Total,18.93,17.51,20.48
Costa Rica,2013,Total,19.14,16.83,22.1
Cambodia,2013,Total,19.2,16.61,21.71
Slovakia,2013,Total,19.47,18.36,20.33
Albania,2013,Total,19.77,17.95,22.19
Djibouti,2013,Total,20.71,7.69,43.98
Indonesia,2013,Total,20.91,17.74,24.49
Venezuela (Bolivarian Republic of),2013,Total,21.0,15.35,28.55
Timor-Leste,2013,Total,21.12,9.02,43.72
Bulgaria,2013,Total,21.16,20.19,22.3
Algeria,2013,Total,21.19,13.87,32.32
Nicaragua,2013,Total,21.24,15.37,29.79
South Sudan,2013,Total,21.54,10.97,40.56
Sudan,2013,Total,21.94,11.11,40.25
Ethiopia,2013,Total,22.07,13.03,33.3
Israel,2013,Total,22.07,20.68,23.34
Eritrea,2013,Total,22.21,9.09,47.56
Lao People's Democratic Republic,2013,Total,22.54,17.9,26.92
Viet Nam,2013,Total,22.62,18.21,26.61
Türkiye,2013,Total,23.07,21.69,24.35
Malaysia,2013,Total,23.18,20.91,25.37
Mexico,2013,Total,23.19,21.39,25.05
Poland,2013,Total,23.36,22.93,23.93
Montenegro,2013,Total,23.4,20.91,26.69
Chile,2013,Total,23.83,22.21,25.54
Lebanon,2013,Total,23.9,17.81,31.88
Georgia,2013,Total,23.92,18.11,31.49
Philippines,2013,Total,24.21,20.57,28.36
Equatorial Guinea,2013,Total,24.31,6.07,66.15
Syrian Arab Republic,2013,Total,24.46,20.23,29.49
Honduras,2013,Total,24.52,17.53,32.89
Angola,2013,Total,24.53,6.11,68.88
Jordan,2013,Total,24.85,21.98,28.12
Gabon,2013,Total,25.17,6.49,76.46
Sri Lanka,2013,Total,25.48,18.49,34.6
Tunisia,2013,Total,25.75,17.47,36.24
Serbia,2013,Total,26.17,23.98,27.99
Bolivia (Plurinational State of),2013,Total,26.52,18.13,37.52
Thailand,2013,Total,26.62,24.18,29.73
Central African Republic,2013,Total,26.62,6.12,71.86
Guatemala,2013,Total,27.23,21.52,35.13
Burundi,2013,Total,28.21,10.81,61.46
Republic of Korea,2013,Total,28.54,27.58,29.38
El Salvador,2013,Total,28.61,19.2,40.94
Myanmar,2013,Total,29.31,25.43,33.73
Iran (Islamic Republic of),2013,Total,29.55,25.9,33.05
"occupied Palestinian territory, including east Jerusalem",2013,Total,29.85,21.25,40.46
Congo,2013,Total,29.9,6.58,106.3
Peru,2013,Total,30.47,23.91,39.71
Bhutan,2013,Total,30.7,27.54,33.5
Cabo Verde,2013,Total,30.72,16.37,55.75
Benin,2013,Total,30.84,20.31,46.33
Libya,2013,Total,30.87,15.12,53.25
North Macedonia,2013,Total,30.88,28.89,33.51
Azerbaijan,2013,Total,31.35,18.23,51.64
Bosnia and Herzegovina,2013,Total,31.49,28.85,34.66
Uganda,2013,Total,31.79,20.01,47.93
Democratic Republic of the Congo,2013,Total,32.08,7.13,103.6
Sao Tome and Principe,2013,Total,32.41,16.7,55.75
Kazakhstan,2013,Total,32.64,23.16,46.55
Guinea-Bissau,2013,Total,33.12,17.46,58.28
Liberia,2013,Total,33.16,17.26,58.07
Turkmenistan,2013,Total,33.52,22.04,47.85
Togo,2013,Total,34.79,21.18,55.98
Rwanda,2013,Total,34.88,11.92,70.42
Guinea,2013,Total,35.99,21.2,68.43
Mali,2013,Total,36.21,14.4,76.81
Oman,2013,Total,36.21,22.68,59.89
Gambia,2013,Total,36.76,20.24,60.44
Senegal,2013,Total,36.88,21.42,55.43
Sierra Leone,2013,Total,37.75,17.51,70.63
Burkina Faso,2013,Total,38.51,16.2,85.32
Iraq,2013,Total,38.56,31.27,48.42
Cote d'Ivoire,2013,Total,39.45,22.43,67.35
Mauritania,2013,Total,40.3,17.09,86.8
Chad,2013,Total,40.62,22.16,68.33
Yemen,2013,Total,41.02,14.21,83.75
Nepal,2013,Total,41.79,36.09,49.79
Armenia,2013,Total,42.85,30.88,60.04
United Arab Emirates,2013,Total,42.88,36.6,51.7
Ghana,2013,Total,44.53,30.34,67.82
Kyrgyzstan,2013,Total,47.61,30.87,67.88
Niger,2013,Total,47.72,21.15,93.28
Mongolia,2013,Total,48.77,35.9,64.56
Bahamas,2013,Total,5.08,3.69,7.09
Uzbekistan,2013,Total,51.6,35.93,75.95
Bahrain,2013,Total,52.8,46.77,59.04
Bangladesh,2013,Total,52.87,47.76,57.97
Nigeria,2013,Total,52.89,36.29,72.44
Cameroon,2013,Total,53.04,36.93,73.59
Saudi Arabia,2013,Total,57.1,40.33,75.52
India,2013,Total,58.2,55.61,60.78
Pakistan,2013,Total,59.05,48.06,71.98
Finland,2013,Total,6.2,5.84,6.57
Iceland,2013,Total,6.39,5.63,7.1
Niue,2013,Total,6.41,3.09,13.7
Sweden,2013,Total,6.61,6.31,6.91
Tuvalu,2013,Total,6.81,2.97,12.43
Qatar,2013,Total,61.37,47.49,73.2
Egypt,2013,Total,61.93,39.81,90.62
China,2013,Total,64.93,61.43,67.88
Kuwait,2013,Total,65.57,56.85,74.54
Tajikistan,2013,Total,67.17,44.21,93.69
Democratic People's Republic of Korea,2013,Total,68.48,50.83,87.86
Tonga,2013,Total,7.09,4.11,12.82
Fiji,2013,Total,7.12,4.21,12.09
Norway,2013,Total,7.13,6.7,7.5
Marshall Islands,2013,Total,7.21,3.09,15.4
Dominican Republic,2013,Total,7.22,4.69,10.92
Australia,2013,Total,7.26,6.86,7.63
Nauru,2013,Total,7.37,2.88,14.43
Canada,2013,Total,7.41,7.19,7.61
Cook Islands,2013,Total,7.44,3.31,17.15
New Zealand,2013,Total,7.51,7.13,8.15
Solomon Islands,2013,Total,7.54,2.48,14.87
Kiribati,2013,Total,7.55,3.31,14.83
Estonia,2013,Total,7.63,6.94,8.38
Samoa,2013,Total,7.64,2.98,18.74
Micronesia (Federated States of),2013,Total,7.64,3.63,16.56
Saint Kitts and Nevis,2013,Total,7.75,5.99,10.04
Palau,2013,Total,7.77,2.88,19.08
Dominica,2013,Total,7.89,5.52,11.88
Afghanistan,2013,Total,72.18,52.57,99.67
Antigua and Barbuda,2013,Total,8.05,5.51,11.46
Brunei Darussalam,2013,Total,8.08,6.79,9.8
Vanuatu,2013,Total,8.31,3.17,17.46
Papua New Guinea,2013,Total,8.39,2.85,20.38
Saint Lucia,2013,Total,8.55,6.08,11.73
United States of America,2013,Total,8.75,8.64,8.87
Saint Vincent and the Grenadines,2013,Total,8.97,6.06,12.0
Barbados,2013,Total,9.32,6.33,13.54
Ireland,2013,Total,9.33,8.72,9.86
Haiti,2013,Total,9.37,5.31,17.34
Portugal,2013,Total,9.44,9.1,9.76
Grenada,2013,Total,9.54,7.02,12.19
Uruguay,2013,Total,9.72,7.52,12.06
Trinidad and Tobago,2013,Total,9.79,7.69,11.99
Belize,2012,Total,10.18,4.03,20.08
Russian Federation,2012,Total,10.22,8.31,12.3
Mauritius,2012,Total,10.59,8.41,12.98
Guyana,2012,Total,10.76,5.74,16.78
Andorra,2012,Total,10.8,9.44,12.71
Monaco,2012,Total,11.16,9.95,12.39
Luxembourg,2012,Total,11.32,10.67,11.95
Denmark,2012,Total,11.44,10.47,12.59
Switzerland,2012,Total,11.74,11.44,12.07
Spain,2012,Total,11.83,11.61,12.08
Suriname,2012,Total,11.86,6.8,18.54
San Marino,2012,Total,12.12,10.12,14.14
United Kingdom of Great Britain and Northern Ireland,2012,Total,12.14,11.73,12.56
Namibia,2012,Total,12.17,6.19,19.65
Lithuania,2012,Total,12.19,11.21,13.43
Japan,2012,Total,12.37,11.63,13.25
Kenya,2012,Total,12.46,7.79,17.66
Argentina,2012,Total,12.95,9.27,16.53
Botswana,2012,Total,13.0,9.22,19.18
Zimbabwe,2012,Total,13.21,7.09,23.25
Morocco,2012,Total,13.24,10.89,16.38
Maldives,2012,Total,13.27,10.37,16.5
France,2012,Total,13.29,13.03,13.58
Cuba,2012,Total,13.71,9.58,19.57
Netherlands (Kingdom of the),2012,Total,13.75,13.29,14.21
Germany,2012,Total,13.76,13.52,13.97
Brazil,2012,Total,14.14,12.04,16.76
Comoros,2012,Total,14.16,7.28,23.06
Austria,2012,Total,14.25,13.85,14.71
Latvia,2012,Total,14.35,12.92,16.13
Malta,2012,Total,14.39,13.24,15.91
Panama,2012,Total,14.52,10.42,18.82
Somalia,2012,Total,14.61,7.56,24.9
Belgium,2012,Total,14.64,14.12,15.14
Jamaica,2012,Total,14.71,12.88,16.47
Eswatini,2012,Total,14.75,10.32,19.48
Republic of Moldova,2012,Total,14.85,11.19,19.59
Singapore,2012,Total,15.2,11.82,20.12
Paraguay,2012,Total,15.26,11.53,22.37
United Republic of Tanzania,2012,Total,15.55,10.88,23.07
Ukraine,2012,Total,15.61,11.54,20.98
Madagascar,2012,Total,16.17,10.96,24.24
Cyprus,2012,Total,16.23,14.41,18.05
Mozambique,2012,Total,16.47,8.52,26.44
Romania,2012,Total,16.96,16.25,17.56
Colombia,2012,Total,17.18,14.87,19.9
Belarus,2012,Total,17.35,15.33,19.93
Lesotho,2012,Total,17.54,12.05,26.49
Zambia,2012,Total,17.55,7.8,33.31
Greece,2012,Total,17.7,16.44,19.11
Ecuador,2012,Total,17.74,15.14,20.19
Seychelles,2012,Total,17.82,12.73,25.32
Hungary,2012,Total,18.1,17.12,19.2
Cambodia,2012,Total,18.22,15.94,20.35
Costa Rica,2012,Total,18.51,16.02,21.76
Italy,2012,Total,18.52,18.22,18.81
South Africa,2012,Total,18.68,17.48,20.57
Slovenia,2012,Total,18.73,17.85,19.75
Czechia,2012,Total,18.8,18.26,19.46
Malawi,2012,Total,18.97,6.26,39.3
Venezuela (Bolivarian Republic of),2012,Total,19.87,14.9,26.76
Croatia,2012,Total,19.89,18.44,21.3
Nicaragua,2012,Total,20.12,14.14,28.4
Indonesia,2012,Total,20.27,17.12,24.51
Slovakia,2012,Total,20.27,19.37,21.23
Timor-Leste,2012,Total,20.73,8.87,41.53
Djibouti,2012,Total,21.16,7.66,45.42
Viet Nam,2012,Total,21.67,17.44,25.63
Albania,2012,Total,21.7,19.51,24.28
Lao People's Democratic Republic,2012,Total,21.75,16.81,26.42
South Sudan,2012,Total,21.92,11.02,42.38
Chile,2012,Total,22.01,19.75,23.92
Ethiopia,2012,Total,22.09,13.01,33.32
Israel,2012,Total,22.15,20.69,23.56
Bulgaria,2012,Total,22.22,21.12,23.34
Mexico,2012,Total,22.24,20.15,24.07
Malaysia,2012,Total,22.27,19.92,24.65
Honduras,2012,Total,22.49,15.97,30.57
Sudan,2012,Total,22.61,11.21,41.76
Eritrea,2012,Total,22.69,9.07,49.23
Algeria,2012,Total,22.76,14.57,35.6
Türkiye,2012,Total,22.76,21.41,23.95
Philippines,2012,Total,23.35,19.89,26.81
Lebanon,2012,Total,23.97,17.82,32.12
Angola,2012,Total,24.01,6.13,65.45
Poland,2012,Total,24.47,23.96,24.92
Sri Lanka,2012,Total,24.61,18.14,33.64
Syrian Arab Republic,2012,Total,24.7,20.39,29.79
Jordan,2012,Total,24.94,22.03,28.2
Tunisia,2012,Total,25.4,17.34,35.64
Equatorial Guinea,2012,Total,25.53,6.06,70.53
Georgia,2012,Total,25.6,18.77,34.24
Thailand,2012,Total,25.66,22.89,28.4
Guatemala,2012,Total,25.71,20.26,33.28
Gabon,2012,Total,25.71,6.53,79.03
Republic of Korea,2012,Total,26.18,25.33,27.0
Bolivia (Plurinational State of),2012,Total,26.26,18.59,37.96
Montenegro,2012,Total,26.83,23.54,31.21
El Salvador,2012,Total,26.86,17.95,38.66
Central African Republic,2012,Total,27.84,6.12,76.8
Serbia,2012,Total,27.88,25.83,29.71
Burundi,2012,Total,28.29,10.77,61.61
Myanmar,2012,Total,28.51,24.27,32.85
Libya,2012,Total,28.53,14.47,48.78
"occupied Palestinian territory, including east Jerusalem",2012,Total,29.45,21.07,39.86
Iran (Islamic Republic of),2012,Total,29.63,25.97,33.16
Congo,2012,Total,29.85,6.63,105.3
Peru,2012,Total,29.99,23.68,37.69
Bhutan,2012,Total,30.03,26.93,32.89
Benin,2012,Total,31.85,20.42,48.03
Cabo Verde,2012,Total,31.92,16.9,58.84
Uganda,2012,Total,32.14,20.14,48.64
Democratic Republic of the Congo,2012,Total,32.14,7.11,102.9
Sao Tome and Principe,2012,Total,33.16,17.01,57.2
Azerbaijan,2012,Total,33.58,17.68,54.94
North Macedonia,2012,Total,33.88,31.23,36.75
Bosnia and Herzegovina,2012,Total,34.06,31.39,37.21
Kazakhstan,2012,Total,34.82,24.03,51.73
Guinea-Bissau,2012,Total,35.24,17.69,65.1
Rwanda,2012,Total,35.33,11.92,71.98
Liberia,2012,Total,35.5,18.01,64.4
Turkmenistan,2012,Total,35.6,21.48,53.16
Togo,2012,Total,35.96,21.23,58.49
Oman,2012,Total,36.91,23.0,61.41
Guinea,2012,Total,38.56,22.34,74.37
Iraq,2012,Total,38.57,31.32,48.35
Senegal,2012,Total,38.98,22.01,58.2
Gambia,2012,Total,38.99,20.32,66.09
Mali,2012,Total,39.79,15.05,90.61
Nepal,2012,Total,40.44,35.01,48.38
Sierra Leone,2012,Total,41.1,18.05,79.67
Burkina Faso,2012,Total,41.17,16.32,92.26
Cote d'Ivoire,2012,Total,41.19,22.78,70.5
Mauritania,2012,Total,42.28,17.5,93.13
Yemen,2012,Total,42.49,14.59,87.92
Chad,2012,Total,43.04,23.25,74.03
United Arab Emirates,2012,Total,43.93,37.53,53.26
Armenia,2012,Total,45.9,31.9,68.08
Ghana,2012,Total,46.17,30.54,70.67
Niger,2012,Total,49.83,21.39,99.27
Bahamas,2012,Total,5.28,3.79,7.99
Kyrgyzstan,2012,Total,50.32,34.06,69.43
Bangladesh,2012,Total,50.82,46.02,55.92
Mongolia,2012,Total,52.19,37.72,71.52
China,2012,Total,53.43,46.71,59.15
Bahrain,2012,Total,54.4,48.04,60.62
Nigeria,2012,Total,54.53,36.78,75.26
Uzbekistan,2012,Total,54.88,38.94,79.13
Cameroon,2012,Total,55.42,37.54,78.83
India,2012,Total,55.72,53.57,57.93
Pakistan,2012,Total,56.29,46.0,68.61
Democratic People's Republic of Korea,2012,Total,56.46,43.08,73.64
Saudi Arabia,2012,Total,58.6,41.55,77.35
Finland,2012,Total,6.33,5.94,6.71
Niue,2012,Total,6.43,3.17,13.63
Iceland,2012,Total,6.64,5.86,7.4
Tuvalu,2012,Total,6.87,2.95,13.43
Sweden,2012,Total,6.9,6.6,7.24
Egypt,2012,Total,60.5,39.13,88.35
Qatar,2012,Total,63.84,48.87,76.69
Kuwait,2012,Total,65.7,56.96,74.75
Afghanistan,2012,Total,68.26,49.6,94.02
Fiji,2012,Total,7.1,4.08,11.78
Tonga,2012,Total,7.1,4.2,13.16
Marshall Islands,2012,Total,7.12,3.01,15.04
Australia,2012,Total,7.31,6.82,7.85
Norway,2012,Total,7.33,6.9,7.72
Estonia,2012,Total,7.38,6.7,8.09
Nauru,2012,Total,7.4,3.02,14.14
Solomon Islands,2012,Total,7.43,2.64,14.7
Cook Islands,2012,Total,7.43,3.27,16.66
Micronesia (Federated States of),2012,Total,7.46,3.54,15.4
Dominican Republic,2012,Total,7.46,4.91,10.6
Kiribati,2012,Total,7.54,3.26,15.32
Samoa,2012,Total,7.56,2.99,18.95
Brunei Darussalam,2012,Total,7.62,6.36,9.32
New Zealand,2012,Total,7.67,7.24,8.16
Canada,2012,Total,7.71,7.51,7.92
Palau,2012,Total,7.78,2.88,17.45
Saint Kitts and Nevis,2012,Total,7.91,6.04,11.02
Tajikistan,2012,Total,71.5,48.38,102.9
Dominica,2012,Total,8.12,5.66,12.26
Vanuatu,2012,Total,8.19,3.16,18.87
Antigua and Barbuda,2012,Total,8.2,5.83,11.9
Papua New Guinea,2012,Total,8.39,2.98,20.78
Saint Lucia,2012,Total,8.81,6.39,12.15
Uruguay,2012,Total,9.03,6.78,11.22
United States of America,2012,Total,9.07,8.93,9.25
Saint Vincent and the Grenadines,2012,Total,9.23,6.23,12.65
Ireland,2012,Total,9.43,8.82,9.95
Portugal,2012,Total,9.43,9.09,9.74
Barbados,2012,Total,9.6,6.93,14.27
Haiti,2012,Total,9.61,5.55,17.15
Grenada,2012,Total,9.78,7.16,12.52
Trinidad and Tobago,2012,Total,9.97,7.56,11.91
Guyana,2011,Total,10.09,5.37,15.85
Russian Federation,2011,Total,10.53,8.32,13.19
Mauritius,2011,Total,10.54,8.35,12.92
Ireland,2011,Total,10.6,9.91,11.17
Portugal,2011,Total,10.68,10.27,11.07
Suriname,2011,Total,11.12,5.9,17.41
Andorra,2011,Total,11.66,10.25,13.69
Namibia,2011,Total,12.1,6.18,19.5
Monaco,2011,Total,12.37,11.0,13.76
Maldives,2011,Total,12.38,10.02,15.45
Kenya,2011,Total,12.43,7.77,17.58
Luxembourg,2011,Total,12.63,11.91,13.41
Lithuania,2011,Total,12.77,11.87,13.91
Cuba,2011,Total,12.78,9.08,18.28
Denmark,2011,Total,12.98,11.82,14.33
Switzerland,2011,Total,13.0,12.68,13.35
Spain,2011,Total,13.09,12.84,13.39
Argentina,2011,Total,13.22,9.96,17.17
Zimbabwe,2011,Total,13.27,7.11,23.42
Morocco,2011,Total,13.28,10.89,16.45
United Kingdom of Great Britain and Northern Ireland,2011,Total,13.41,12.9,13.84
San Marino,2011,Total,13.44,11.2,15.77
Jamaica,2011,Total,13.68,11.55,15.59
Botswana,2011,Total,13.69,9.46,20.03
Comoros,2011,Total,13.89,7.16,22.23
Japan,2011,Total,13.91,12.87,15.01
Somalia,2011,Total,14.47,7.55,24.64
Eswatini,2011,Total,14.71,10.29,19.42
France,2011,Total,14.72,14.44,15.01
Panama,2011,Total,14.78,10.91,19.09
Brazil,2011,Total,14.89,12.86,17.9
Latvia,2011,Total,15.06,13.63,16.85
United Republic of Tanzania,2011,Total,15.33,10.77,22.68
Germany,2011,Total,15.42,15.14,15.7
Netherlands (Kingdom of the),2011,Total,15.53,14.99,16.14
Republic of Moldova,2011,Total,15.67,11.66,20.64
Paraguay,2011,Total,15.89,11.97,23.19
Austria,2011,Total,15.99,15.59,16.49
Belgium,2011,Total,16.29,15.74,16.88
Mozambique,2011,Total,16.31,8.53,26.08
Malta,2011,Total,16.46,15.14,18.27
Madagascar,2011,Total,16.53,10.97,24.86
Singapore,2011,Total,16.54,13.08,21.93
Ukraine,2011,Total,16.55,12.42,22.74
Seychelles,2011,Total,16.79,12.1,22.58
Ecuador,2011,Total,17.1,14.51,19.9
Cambodia,2011,Total,17.31,15.23,19.93
Zambia,2011,Total,17.33,7.71,32.7
Cyprus,2011,Total,17.57,15.57,19.51
Lesotho,2011,Total,17.74,12.11,26.82
Colombia,2011,Total,17.85,15.14,20.73
Belarus,2011,Total,18.1,15.67,20.39
South Africa,2011,Total,18.67,17.46,20.55
Romania,2011,Total,18.68,17.97,19.28
Malawi,2011,Total,18.85,6.25,38.94
Indonesia,2011,Total,19.12,15.79,23.06
Costa Rica,2011,Total,19.18,16.52,22.59
Greece,2011,Total,19.55,18.05,21.01
Timor-Leste,2011,Total,19.57,8.09,39.37
Lao People's Democratic Republic,2011,Total,20.19,15.66,25.19
Hungary,2011,Total,20.29,19.03,21.57
Slovenia,2011,Total,20.55,19.51,21.7
Viet Nam,2011,Total,20.67,16.31,24.56
Venezuela (Bolivarian Republic of),2011,Total,20.71,15.08,27.27
Italy,2011,Total,20.73,20.32,21.04
Czechia,2011,Total,20.8,20.2,21.4
Djibouti,2011,Total,20.83,7.69,44.31
Nicaragua,2011,Total,20.95,14.88,29.14
Malaysia,2011,Total,21.04,18.49,23.79
Algeria,2011,Total,21.56,14.03,33.06
South Sudan,2011,Total,21.83,11.0,42.27
Croatia,2011,Total,22.07,20.49,23.67
Philippines,2011,Total,22.13,18.16,26.56
Ethiopia,2011,Total,22.38,13.07,33.97
Chile,2011,Total,22.5,20.32,24.73
Sudan,2011,Total,22.61,11.19,41.83
Slovakia,2011,Total,22.66,21.6,23.73
Eritrea,2011,Total,22.72,9.04,49.28
Albania,2011,Total,23.0,20.57,25.75
Sri Lanka,2011,Total,23.21,17.2,31.34
Türkiye,2011,Total,23.28,21.87,24.62
Lebanon,2011,Total,23.34,17.49,30.93
Mexico,2011,Total,23.53,21.43,25.98
Israel,2011,Total,23.71,22.18,25.22
Thailand,2011,Total,24.16,21.27,27.06
Bulgaria,2011,Total,24.29,23.14,25.55
Syrian Arab Republic,2011,Total,24.62,20.37,29.69
Jordan,2011,Total,24.63,21.85,27.88
Angola,2011,Total,24.67,6.18,67.99
Honduras,2011,Total,24.7,17.48,32.54
Equatorial Guinea,2011,Total,24.93,6.06,68.34
Gabon,2011,Total,25.37,6.5,77.25
Tunisia,2011,Total,25.54,17.39,35.87
Bolivia (Plurinational State of),2011,Total,25.83,18.18,35.97
Georgia,2011,Total,25.98,19.48,33.98
Myanmar,2011,Total,26.64,22.32,31.81
Poland,2011,Total,27.02,26.38,27.56
Montenegro,2011,Total,27.21,24.31,31.38
Guatemala,2011,Total,27.38,21.7,36.22
Burundi,2011,Total,27.7,10.77,60.31
El Salvador,2011,Total,28.31,18.74,40.86
Peru,2011,Total,28.47,22.38,35.97
Central African Republic,2011,Total,28.59,6.1,80.24
Libya,2011,Total,28.6,14.44,48.9
"occupied Palestinian territory, including east Jerusalem",2011,Total,28.77,20.74,38.89
Bhutan,2011,Total,29.09,26.08,32.08
Republic of Korea,2011,Total,29.35,28.39,30.2
Iran (Islamic Republic of),2011,Total,29.61,25.96,33.13
Congo,2011,Total,30.5,6.67,110.2
Serbia,2011,Total,30.68,28.41,32.68
Cabo Verde,2011,Total,31.06,16.52,56.59
Benin,2011,Total,31.37,20.35,47.17
Uganda,2011,Total,31.49,19.88,47.36
Democratic Republic of the Congo,2011,Total,31.62,7.07,100.1
Sao Tome and Principe,2011,Total,32.58,16.8,56.08
Liberia,2011,Total,33.44,17.31,58.85
Azerbaijan,2011,Total,33.92,18.77,55.06
Guinea-Bissau,2011,Total,34.2,17.65,61.73
Kazakhstan,2011,Total,34.57,24.3,49.06
Rwanda,2011,Total,34.81,11.89,70.35
Togo,2011,Total,35.82,21.15,58.43
Turkmenistan,2011,Total,35.85,22.58,54.63
Oman,2011,Total,35.9,22.6,59.23
North Macedonia,2011,Total,36.52,34.13,39.84
Bosnia and Herzegovina,2011,Total,36.57,34.11,40.22
Guinea,2011,Total,36.86,21.62,70.39
Sierra Leone,2011,Total,37.26,17.42,69.62
Senegal,2011,Total,37.61,21.51,56.5
Gambia,2011,Total,37.63,20.1,62.94
Mali,2011,Total,38.29,14.78,85.05
Iraq,2011,Total,38.61,31.34,48.43
Nepal,2011,Total,39.48,34.36,46.97
Bahamas,2011,Total,4.92,3.5,7.48
Burkina Faso,2011,Total,40.39,16.23,90.25
Cote d'Ivoire,2011,Total,40.75,22.65,69.71
Yemen,2011,Total,41.03,14.2,83.84
Mauritania,2011,Total,41.32,17.18,90.2
Chad,2011,Total,42.21,22.9,71.73
United Arab Emirates,2011,Total,43.53,37.22,52.54
Ghana,2011,Total,45.88,30.37,70.47
Armenia,2011,Total,46.46,32.91,67.82
Niger,2011,Total,49.57,21.25,98.71
Bangladesh,2011,Total,49.97,45.05,55.15
Kyrgyzstan,2011,Total,50.7,34.29,75.59
Mongolia,2011,Total,51.58,38.5,69.83
China,2011,Total,51.92,45.85,59.45
Nigeria,2011,Total,53.71,36.42,73.88
Cameroon,2011,Total,54.4,37.07,76.82
Bahrain,2011,Total,54.69,48.21,60.92
India,2011,Total,55.05,52.34,57.62
Uzbekistan,2011,Total,55.1,37.03,81.12
Democratic People's Republic of Korea,2011,Total,55.18,40.71,72.45
Pakistan,2011,Total,55.34,45.47,67.04
Saudi Arabia,2011,Total,56.65,39.92,75.11
Egypt,2011,Total,59.32,38.46,86.28
Niue,2011,Total,6.34,3.21,13.49
Tuvalu,2011,Total,6.95,2.85,13.33
Qatar,2011,Total,63.84,48.84,76.72
Kuwait,2011,Total,65.28,56.58,74.21
Afghanistan,2011,Total,66.94,48.9,92.62
Finland,2011,Total,7.03,6.61,7.45
Fiji,2011,Total,7.04,4.12,12.24
Dominican Republic,2011,Total,7.04,4.38,10.51
Tonga,2011,Total,7.05,4.15,12.99
Marshall Islands,2011,Total,7.07,2.97,14.9
Cook Islands,2011,Total,7.3,3.09,18.23
Micronesia (Federated States of),2011,Total,7.35,3.5,16.64
Solomon Islands,2011,Total,7.37,2.64,14.75
Iceland,2011,Total,7.46,6.58,8.34
Samoa,2011,Total,7.48,2.89,18.68
Saint Kitts and Nevis,2011,Total,7.53,5.49,10.29
Nauru,2011,Total,7.58,3.01,14.92
Palau,2011,Total,7.61,3.11,18.46
Kiribati,2011,Total,7.62,3.21,16.19
Estonia,2011,Total,7.65,6.99,8.45
Dominica,2011,Total,7.7,5.15,11.89
Sweden,2011,Total,7.76,7.41,8.11
Antigua and Barbuda,2011,Total,7.79,5.19,11.63
Canada,2011,Total,7.87,7.67,8.08
Tajikistan,2011,Total,71.8,49.26,104.6
Australia,2011,Total,8.08,7.3,8.68
Vanuatu,2011,Total,8.23,2.97,17.74
Papua New Guinea,2011,Total,8.28,3.01,20.13
Norway,2011,Total,8.32,7.85,8.76
Saint Lucia,2011,Total,8.34,5.86,12.03
Brunei Darussalam,2011,Total,8.42,7.04,10.27
New Zealand,2011,Total,8.54,7.66,9.43
Saint Vincent and the Grenadines,2011,Total,8.75,5.4,12.05
Barbados,2011,Total,9.04,6.23,13.29
Haiti,2011,Total,9.05,5.18,15.62
Uruguay,2011,Total,9.2,7.02,11.8
Grenada,2011,Total,9.24,6.25,12.21
United States of America,2011,Total,9.36,9.24,9.49
Trinidad and Tobago,2011,Total,9.44,7.06,11.69
Belize,2011,Total,9.8,4.04,19.96
Guyana,2010,Total,10.49,5.33,16.06
Portugal,2010,Total,10.55,10.15,10.87
Mauritius,2010,Total,10.6,8.42,12.99
Suriname,2010,Total,11.36,5.98,18.56
Andorra,2010,Total,11.43,10.07,13.43
Russian Federation,2010,Total,11.88,9.67,14.68
Monaco,2010,Total,11.91,10.57,13.27
Namibia,2010,Total,11.94,6.18,19.06
Denmark,2010,Total,12.27,11.21,13.48
Luxembourg,2010,Total,12.38,11.65,13.11
Kenya,2010,Total,12.38,7.75,17.49
Spain,2010,Total,12.72,12.47,13.02
Switzerland,2010,Total,12.76,12.45,13.08
San Marino,2010,Total,13.02,10.83,15.3
Argentina,2010,Total,13.14,9.68,17.12
Morocco,2010,Total,13.17,10.82,16.36
United Kingdom of Great Britain and Northern Ireland,2010,Total,13.17,12.74,13.61
Zimbabwe,2010,Total,13.28,7.11,23.48
Cuba,2010,Total,13.32,8.92,18.48
Maldives,2010,Total,13.39,10.35,17.78
Comoros,2010,Total,13.74,7.09,21.84
Lithuania,2010,Total,13.87,12.74,15.19
Panama,2010,Total,14.13,10.49,17.85
Botswana,2010,Total,14.14,9.42,20.69
Japan,2010,Total,14.22,13.23,15.24
Somalia,2010,Total,14.35,7.55,24.4
France,2010,Total,14.45,14.17,14.73
Jamaica,2010,Total,14.58,11.68,17.25
Brazil,2010,Total,14.6,12.41,17.35
Eswatini,2010,Total,14.97,10.51,19.79
Netherlands (Kingdom of the),2010,Total,15.01,14.47,15.6
Germany,2010,Total,15.06,14.81,15.33
United Republic of Tanzania,2010,Total,15.45,10.73,22.9
Austria,2010,Total,15.62,15.2,16.04
Belgium,2010,Total,16.08,15.5,16.63
Paraguay,2010,Total,16.37,12.27,23.87
Latvia,2010,Total,16.48,14.6,18.54
Madagascar,2010,Total,16.5,10.96,24.86
Mozambique,2010,Total,16.65,8.54,26.73
Republic of Moldova,2010,Total,16.83,12.49,21.59
Singapore,2010,Total,16.89,13.13,22.25
Zambia,2010,Total,17.09,7.63,32.11
Malta,2010,Total,17.17,15.74,19.1
Colombia,2010,Total,17.42,14.58,20.27
Ecuador,2010,Total,17.47,14.92,20.45
Ukraine,2010,Total,17.81,13.5,24.12
Seychelles,2010,Total,17.9,12.78,24.41
Romania,2010,Total,18.06,17.42,18.65
Costa Rica,2010,Total,18.35,15.71,21.54
Lesotho,2010,Total,18.43,12.32,27.84
Cyprus,2010,Total,18.53,16.42,20.57
South Africa,2010,Total,18.69,17.47,20.6
Malawi,2010,Total,18.72,6.24,38.18
Cambodia,2010,Total,18.85,15.72,22.03
Hungary,2010,Total,19.48,18.46,20.69
Slovenia,2010,Total,19.69,18.57,20.8
Greece,2010,Total,19.7,18.19,21.25
Belarus,2010,Total,19.91,16.58,22.08
Nicaragua,2010,Total,19.92,14.04,28.77
Italy,2010,Total,20.11,19.77,20.43
Czechia,2010,Total,20.25,19.56,20.9
Djibouti,2010,Total,20.58,7.72,43.47
Indonesia,2010,Total,20.59,16.5,24.63
Venezuela (Bolivarian Republic of),2010,Total,20.67,14.6,28.32
Timor-Leste,2010,Total,20.75,8.18,40.31
Croatia,2010,Total,20.99,19.42,22.68
South Sudan,2010,Total,21.21,10.77,40.27
Algeria,2010,Total,21.27,13.92,32.39
Slovakia,2010,Total,21.7,20.58,22.8
Albania,2010,Total,21.95,19.82,24.69
Sudan,2010,Total,22.01,11.09,40.44
Mexico,2010,Total,22.13,20.4,23.83
Chile,2010,Total,22.25,20.3,24.52
Ethiopia,2010,Total,22.26,13.03,33.72
Viet Nam,2010,Total,22.37,16.93,27.87
Honduras,2010,Total,22.41,16.28,30.01
Eritrea,2010,Total,22.42,9.04,48.25
Malaysia,2010,Total,22.67,18.77,26.87
Georgia,2010,Total,22.84,17.24,29.46
Lao People's Democratic Republic,2010,Total,22.86,17.56,29.64
Türkiye,2010,Total,23.74,22.29,25.14
Philippines,2010,Total,23.82,20.0,29.64
Bulgaria,2010,Total,23.87,22.72,25.02
Angola,2010,Total,24.2,6.17,65.55
Israel,2010,Total,24.23,22.72,25.77
Lebanon,2010,Total,24.24,17.9,32.68
Equatorial Guinea,2010,Total,24.25,6.08,66.08
Jordan,2010,Total,24.53,21.79,27.79
Sri Lanka,2010,Total,24.99,18.32,34.24
Syrian Arab Republic,2010,Total,25.08,20.66,30.35
Gabon,2010,Total,25.25,6.49,76.66
Guatemala,2010,Total,25.98,20.22,33.79
Montenegro,2010,Total,26.09,23.25,29.97
Poland,2010,Total,26.32,25.68,27.05
Thailand,2010,Total,26.36,22.69,30.88
Tunisia,2010,Total,26.68,17.92,37.86
El Salvador,2010,Total,26.93,17.7,39.58
Burundi,2010,Total,27.84,10.73,60.65
Central African Republic,2010,Total,27.87,6.13,77.15
Bolivia (Plurinational State of),2010,Total,28.03,20.08,38.65
Cabo Verde,2010,Total,28.17,14.98,49.69
"occupied Palestinian territory, including east Jerusalem",2010,Total,29.42,21.04,39.83
Serbia,2010,Total,29.42,27.11,31.44
Myanmar,2010,Total,29.45,23.88,36.99
Bhutan,2010,Total,29.51,25.86,32.78
Peru,2010,Total,29.59,23.01,38.52
Republic of Korea,2010,Total,29.83,28.8,30.89
Iran (Islamic Republic of),2010,Total,29.89,26.16,33.49
Azerbaijan,2010,Total,30.11,14.88,51.81
Congo,2010,Total,30.36,6.68,109.5
Kazakhstan,2010,Total,30.42,21.77,42.24
Benin,2010,Total,30.97,20.26,47.01
Libya,2010,Total,31.19,15.2,53.78
Uganda,2010,Total,31.29,19.76,47.03
Turkmenistan,2010,Total,31.48,19.67,50.57
Sao Tome and Principe,2010,Total,31.74,16.46,54.44
Democratic Republic of the Congo,2010,Total,31.84,7.09,101.2
Liberia,2010,Total,32.85,17.11,57.41
Guinea-Bissau,2010,Total,33.91,17.55,60.91
Rwanda,2010,Total,34.4,11.86,69.02
North Macedonia,2010,Total,34.53,32.32,37.9
Bosnia and Herzegovina,2010,Total,34.91,32.26,38.48
Togo,2010,Total,34.98,21.03,57.33
Oman,2010,Total,35.54,22.49,58.2
Sierra Leone,2010,Total,36.32,17.29,67.58
Senegal,2010,Total,36.73,21.19,55.4
Guinea,2010,Total,36.76,21.58,69.76
Gambia,2010,Total,37.46,19.98,62.69
Yemen,2010,Total,38.83,13.65,77.63
Mauritania,2010,Total,38.9,16.39,83.29
Mali,2010,Total,39.04,14.86,87.95
Iraq,2010,Total,39.32,31.91,49.34
Cote d'Ivoire,2010,Total,39.44,22.4,67.12
Nepal,2010,Total,39.78,32.79,48.08
Bahamas,2010,Total,4.97,3.48,7.04
Armenia,2010,Total,40.9,28.63,57.47
Burkina Faso,2010,Total,41.3,16.22,92.76
Chad,2010,Total,41.64,22.57,70.4
United Arab Emirates,2010,Total,43.71,37.39,52.89
Ghana,2010,Total,44.16,29.96,67.46
Kyrgyzstan,2010,Total,44.68,29.28,67.06
Mongolia,2010,Total,45.2,33.16,59.8
China,2010,Total,47.18,44.59,49.38
Uzbekistan,2010,Total,48.52,34.88,72.02
Bangladesh,2010,Total,49.43,43.01,56.0
Niger,2010,Total,49.55,21.17,98.61
Democratic People's Republic of Korea,2010,Total,50.41,37.98,65.52
Nigeria,2010,Total,52.85,36.08,72.37
Cameroon,2010,Total,53.58,36.65,75.53
India,2010,Total,55.17,49.73,59.82
Bahrain,2010,Total,55.87,49.02,62.44
Pakistan,2010,Total,56.4,45.68,69.26
Saudi Arabia,2010,Total,56.55,40.07,74.43
Niue,2010,Total,6.44,3.17,14.54
Tuvalu,2010,Total,6.76,2.96,13.29
Iceland,2010,Total,6.91,6.09,7.72
Egypt,2010,Total,60.83,39.25,88.94
Tajikistan,2010,Total,63.4,42.51,96.56
Qatar,2010,Total,64.27,49.21,77.34
Kuwait,2010,Total,66.51,57.64,75.93
Afghanistan,2010,Total,68.97,49.48,96.51
Finland,2010,Total,7.07,6.66,7.48
Tonga,2010,Total,7.14,4.17,12.42
Fiji,2010,Total,7.19,3.79,12.39
Palau,2010,Total,7.23,2.86,17.57
Marshall Islands,2010,Total,7.27,2.93,15.64
Samoa,2010,Total,7.4,2.84,17.03
Solomon Islands,2010,Total,7.42,2.34,14.43
Cook Islands,2010,Total,7.46,2.82,18.26
Nauru,2010,Total,7.5,3.03,14.98
Dominican Republic,2010,Total,7.52,4.63,11.55
Sweden,2010,Total,7.52,7.17,7.88
Micronesia (Federated States of),2010,Total,7.55,3.1,17.84
Kiribati,2010,Total,7.6,3.15,15.59
Canada,2010,Total,7.76,7.55,7.96
Dominica,2010,Total,7.86,5.11,11.46
Norway,2010,Total,7.86,7.44,8.26
Saint Kitts and Nevis,2010,Total,7.93,5.55,10.53
Vanuatu,2010,Total,8.09,3.23,17.95
Antigua and Barbuda,2010,Total,8.17,5.3,12.09
Brunei Darussalam,2010,Total,8.33,7.06,10.06
Saint Lucia,2010,Total,8.43,5.84,11.69
Estonia,2010,Total,8.47,7.72,9.27
Papua New Guinea,2010,Total,8.65,2.77,19.04
Saint Vincent and the Grenadines,2010,Total,8.85,5.58,12.01
Australia,2010,Total,9.03,8.14,9.93
Barbados,2010,Total,9.15,6.12,13.57
Uruguay,2010,Total,9.18,6.96,11.56
United States of America,2010,Total,9.29,9.14,9.42
New Zealand,2010,Total,9.35,8.41,10.19
Grenada,2010,Total,9.4,6.33,12.25
Haiti,2010,Total,9.56,5.33,16.77
Trinidad and Tobago,2010,Total,9.79,7.68,12.92
Ireland,2010,Total,9.9,9.25,10.39
Belize,2010,Total,9.91,4.11,20.14
